"id";"phenomenonTime";"resultnumber";"resultnumbers";"resultTime";"resultQuality";"validTime";"parameters";"datastream_id";"multidatastream_id";"featureofinterest_id";"temperature";"humidity";"battery"
3;2021-10-08 15:09:18.000 +0200;;{2.6,16.107,NULL};2021-10-08 15:09:18.000 +0200;"";;"";;2;3;2.6;16.107;
29699;2021-11-15 15:27:20.000 +0100;;{0.2,15.688,NULL};2021-11-15 15:27:20.000 +0100;"";;"";;2;3;0.2;15.688;
29710;2021-11-15 15:42:28.000 +0100;;{0.2,15.748,NULL};2021-11-15 15:42:28.000 +0100;"";;"";;2;3;0.2;15.748;
29724;2021-11-15 15:57:38.000 +0100;;{0.15,15.868,100.0};2021-11-15 15:57:38.000 +0100;"";;"";;2;3;0.15;15.868;100.0
29725;2021-11-15 15:57:56.000 +0100;;{0.15,15.868,100.0};2021-11-15 15:57:56.000 +0100;"";;"";;2;3;0.15;15.868;100.0
29740;2021-11-15 16:13:04.000 +0100;;{0.2,15.988,NULL};2021-11-15 16:13:04.000 +0100;"";;"";;2;3;0.2;15.988;
29751;2021-11-15 16:28:13.000 +0100;;{0.15,16.047,NULL};2021-11-15 16:28:13.000 +0100;"";;"";;2;3;0.15;16.047;
29763;2021-11-15 16:43:21.000 +0100;;{0.2,16.107,NULL};2021-11-15 16:43:21.000 +0100;"";;"";;2;3;0.2;16.107;
29774;2021-11-15 16:58:29.000 +0100;;{0.2,16.227,NULL};2021-11-15 16:58:29.000 +0100;"";;"";;2;3;0.2;16.227;
29785;2021-11-15 17:13:38.000 +0100;;{0.2,16.227,NULL};2021-11-15 17:13:38.000 +0100;"";;"";;2;3;0.2;16.227;
29796;2021-11-15 17:28:46.000 +0100;;{0.2,16.107,NULL};2021-11-15 17:28:46.000 +0100;"";;"";;2;3;0.2;16.107;
29807;2021-11-15 17:43:54.000 +0100;;{0.15,16.047,NULL};2021-11-15 17:43:54.000 +0100;"";;"";;2;3;0.15;16.047;
29819;2021-11-15 17:59:02.000 +0100;;{0.2,15.988,NULL};2021-11-15 17:59:02.000 +0100;"";;"";;2;3;0.2;15.988;
29830;2021-11-15 18:14:11.000 +0100;;{0.2,15.868,100.0};2021-11-15 18:14:11.000 +0100;"";;"";;2;3;0.2;15.868;100.0
29842;2021-11-15 18:29:19.000 +0100;;{0.2,15.808,NULL};2021-11-15 18:29:19.000 +0100;"";;"";;2;3;0.2;15.808;
29853;2021-11-15 18:44:27.000 +0100;;{0.2,15.748,NULL};2021-11-15 18:44:27.000 +0100;"";;"";;2;3;0.2;15.748;
29864;2021-11-15 18:59:36.000 +0100;;{0.2,15.628,NULL};2021-11-15 18:59:36.000 +0100;"";;"";;2;3;0.2;15.628;
29875;2021-11-15 19:14:44.000 +0100;;{0.2,15.688,NULL};2021-11-15 19:14:44.000 +0100;"";;"";;2;3;0.2;15.688;
29887;2021-11-15 19:29:52.000 +0100;;{0.2,15.568,NULL};2021-11-15 19:29:52.000 +0100;"";;"";;2;3;0.2;15.568;
29898;2021-11-15 19:45:00.000 +0100;;{0.2,15.508,NULL};2021-11-15 19:45:00.000 +0100;"";;"";;2;3;0.2;15.508;
29910;2021-11-15 20:00:09.000 +0100;;{0.2,15.449,NULL};2021-11-15 20:00:09.000 +0100;"";;"";;2;3;0.2;15.449;
29922;2021-11-15 20:15:17.000 +0100;;{0.2,15.389,NULL};2021-11-15 20:15:17.000 +0100;"";;"";;2;3;0.2;15.389;
29933;2021-11-15 20:30:25.000 +0100;;{0.2,15.389,NULL};2021-11-15 20:30:25.000 +0100;"";;"";;2;3;0.2;15.389;
29944;2021-11-15 20:45:33.000 +0100;;{0.2,15.269,100.0};2021-11-15 20:45:33.000 +0100;"";;"";;2;3;0.2;15.269;100.0
29956;2021-11-15 21:00:42.000 +0100;;{0.2,15.209,NULL};2021-11-15 21:00:42.000 +0100;"";;"";;2;3;0.2;15.209;
29967;2021-11-15 21:15:50.000 +0100;;{0.2,15.209,NULL};2021-11-15 21:15:50.000 +0100;"";;"";;2;3;0.2;15.209;
29978;2021-11-15 21:30:58.000 +0100;;{0.2,15.089,NULL};2021-11-15 21:30:58.000 +0100;"";;"";;2;3;0.2;15.089;
29989;2021-11-15 21:46:08.000 +0100;;{0.2,15.089,NULL};2021-11-15 21:46:08.000 +0100;"";;"";;2;3;0.2;15.089;
29990;2021-11-15 21:46:19.000 +0100;;{0.2,15.089,NULL};2021-11-15 21:46:19.000 +0100;"";;"";;2;3;0.2;15.089;
30002;2021-11-15 22:01:28.000 +0100;;{0.2,15.089,NULL};2021-11-15 22:01:28.000 +0100;"";;"";;2;3;0.2;15.089;
30014;2021-11-15 22:16:36.000 +0100;;{0.2,14.97,NULL};2021-11-15 22:16:36.000 +0100;"";;"";;2;3;0.2;14.97;
30025;2021-11-15 22:31:44.000 +0100;;{0.2,14.91,NULL};2021-11-15 22:31:44.000 +0100;"";;"";;2;3;0.2;14.91;
30036;2021-11-15 22:46:52.000 +0100;;{0.2,14.85,NULL};2021-11-15 22:46:52.000 +0100;"";;"";;2;3;0.2;14.85;
30048;2021-11-15 23:02:01.000 +0100;;{0.2,14.79,100.0};2021-11-15 23:02:01.000 +0100;"";;"";;2;3;0.2;14.79;100.0
30060;2021-11-15 23:17:09.000 +0100;;{0.15,14.67,NULL};2021-11-15 23:17:09.000 +0100;"";;"";;2;3;0.15;14.67;
30072;2021-11-15 23:32:17.000 +0100;;{0.2,14.61,NULL};2021-11-15 23:32:17.000 +0100;"";;"";;2;3;0.2;14.61;
30073;2021-11-15 23:32:28.000 +0100;;{0.2,14.61,NULL};2021-11-15 23:32:28.000 +0100;"";;"";;2;3;0.2;14.61;
30084;2021-11-15 23:47:36.000 +0100;;{0.2,14.55,NULL};2021-11-15 23:47:36.000 +0100;"";;"";;2;3;0.2;14.55;
30096;2021-11-16 00:03:16.000 +0100;;{0.2,14.491,NULL};2021-11-16 00:03:16.000 +0100;"";;"";;2;3;0.2;14.491;
30107;2021-11-16 00:18:26.000 +0100;;{0.2,14.431,NULL};2021-11-16 00:18:26.000 +0100;"";;"";;2;3;0.2;14.431;
30119;2021-11-16 00:33:34.000 +0100;;{0.2,14.371,NULL};2021-11-16 00:33:34.000 +0100;"";;"";;2;3;0.2;14.371;
30131;2021-11-16 00:48:42.000 +0100;;{0.2,14.311,100.0};2021-11-16 00:48:42.000 +0100;"";;"";;2;3;0.2;14.311;100.0
30143;2021-11-16 01:03:51.000 +0100;;{0.2,14.191,NULL};2021-11-16 01:03:51.000 +0100;"";;"";;2;3;0.2;14.191;
30154;2021-11-16 01:18:59.000 +0100;;{0.2,14.071,NULL};2021-11-16 01:18:59.000 +0100;"";;"";;2;3;0.2;14.071;
30166;2021-11-16 01:34:07.000 +0100;;{0.2,14.071,NULL};2021-11-16 01:34:07.000 +0100;"";;"";;2;3;0.2;14.071;
30177;2021-11-16 01:49:15.000 +0100;;{0.2,13.952,NULL};2021-11-16 01:49:15.000 +0100;"";;"";;2;3;0.2;13.952;
30188;2021-11-16 02:04:24.000 +0100;;{0.2,13.952,NULL};2021-11-16 02:04:24.000 +0100;"";;"";;2;3;0.2;13.952;
30199;2021-11-16 02:19:32.000 +0100;;{0.15,13.772,NULL};2021-11-16 02:19:32.000 +0100;"";;"";;2;3;0.15;13.772;
30212;2021-11-16 02:34:40.000 +0100;;{0.2,13.772,NULL};2021-11-16 02:34:40.000 +0100;"";;"";;2;3;0.2;13.772;
30225;2021-11-16 02:49:49.000 +0100;;{0.2,13.772,NULL};2021-11-16 02:49:49.000 +0100;"";;"";;2;3;0.2;13.772;
30236;2021-11-16 03:04:57.000 +0100;;{0.2,13.652,NULL};2021-11-16 03:04:57.000 +0100;"";;"";;2;3;0.2;13.652;
30248;2021-11-16 03:20:05.000 +0100;;{0.2,13.592,100.0};2021-11-16 03:20:05.000 +0100;"";;"";;2;3;0.2;13.592;100.0
30260;2021-11-16 03:35:13.000 +0100;;{0.2,13.592,NULL};2021-11-16 03:35:13.000 +0100;"";;"";;2;3;0.2;13.592;
30271;2021-11-16 03:50:22.000 +0100;;{0.2,13.592,NULL};2021-11-16 03:50:22.000 +0100;"";;"";;2;3;0.2;13.592;
30282;2021-11-16 04:05:30.000 +0100;;{0.2,13.532,NULL};2021-11-16 04:05:30.000 +0100;"";;"";;2;3;0.2;13.532;
30293;2021-11-16 04:20:57.000 +0100;;{0.2,13.532,NULL};2021-11-16 04:20:57.000 +0100;"";;"";;2;3;0.2;13.532;
30306;2021-11-16 04:36:05.000 +0100;;{0.15,13.473,NULL};2021-11-16 04:36:05.000 +0100;"";;"";;2;3;0.15;13.473;
30317;2021-11-16 04:51:13.000 +0100;;{0.15,13.413,NULL};2021-11-16 04:51:13.000 +0100;"";;"";;2;3;0.15;13.413;
30330;2021-11-16 05:06:21.000 +0100;;{0.2,13.413,NULL};2021-11-16 05:06:21.000 +0100;"";;"";;2;3;0.2;13.413;
30356;2021-11-16 05:08:42.000 +0100;;{0.2,13.413,NULL};2021-11-16 05:08:42.000 +0100;"";;"";;2;3;0.2;13.413;
30357;2021-11-16 05:09:00.000 +0100;;{0.2,13.413,NULL};2021-11-16 05:09:00.000 +0100;"";;"";;2;3;0.2;13.413;
30358;2021-11-16 05:09:26.000 +0100;;{0.2,13.413,NULL};2021-11-16 05:09:26.000 +0100;"";;"";;2;3;0.2;13.413;
30375;2021-11-16 05:37:01.000 +0100;;{0.2,13.413,NULL};2021-11-16 05:37:01.000 +0100;"";;"";;2;3;0.2;13.413;
30391;2021-11-16 05:52:08.000 +0100;;{0.15,13.413,NULL};2021-11-16 05:52:08.000 +0100;"";;"";;2;3;0.15;13.413;
30403;2021-11-16 06:07:16.000 +0100;;{0.2,13.353,NULL};2021-11-16 06:07:16.000 +0100;"";;"";;2;3;0.2;13.353;
30414;2021-11-16 06:22:25.000 +0100;;{0.15,13.293,NULL};2021-11-16 06:22:25.000 +0100;"";;"";;2;3;0.15;13.293;
30425;2021-11-16 06:37:33.000 +0100;;{0.2,13.413,NULL};2021-11-16 06:37:33.000 +0100;"";;"";;2;3;0.2;13.413;
30436;2021-11-16 06:52:41.000 +0100;;{0.15,13.413,NULL};2021-11-16 06:52:41.000 +0100;"";;"";;2;3;0.15;13.413;
30447;2021-11-16 07:07:49.000 +0100;;{0.2,13.293,NULL};2021-11-16 07:07:49.000 +0100;"";;"";;2;3;0.2;13.293;
30458;2021-11-16 07:22:58.000 +0100;;{0.15,13.293,NULL};2021-11-16 07:22:58.000 +0100;"";;"";;2;3;0.15;13.293;
30472;2021-11-16 07:38:06.000 +0100;;{0.2,13.233,100.0};2021-11-16 07:38:06.000 +0100;"";;"";;2;3;0.2;13.233;100.0
30483;2021-11-16 07:53:14.000 +0100;;{0.2,13.293,NULL};2021-11-16 07:53:14.000 +0100;"";;"";;2;3;0.2;13.293;
30494;2021-11-16 08:08:22.000 +0100;;{0.15,13.353,NULL};2021-11-16 08:08:22.000 +0100;"";;"";;2;3;0.15;13.353;
30505;2021-11-16 08:23:31.000 +0100;;{0.2,13.293,NULL};2021-11-16 08:23:31.000 +0100;"";;"";;2;3;0.2;13.293;
30516;2021-11-16 08:38:39.000 +0100;;{0.2,13.293,NULL};2021-11-16 08:38:39.000 +0100;"";;"";;2;3;0.2;13.293;
30528;2021-11-16 08:53:47.000 +0100;;{0.2,13.353,NULL};2021-11-16 08:53:47.000 +0100;"";;"";;2;3;0.2;13.353;
30540;2021-11-16 09:08:55.000 +0100;;{0.2,13.413,NULL};2021-11-16 09:08:55.000 +0100;"";;"";;2;3;0.2;13.413;
30552;2021-11-16 09:24:04.000 +0100;;{0.2,13.353,NULL};2021-11-16 09:24:04.000 +0100;"";;"";;2;3;0.2;13.353;
30563;2021-11-16 09:39:12.000 +0100;;{0.2,13.233,NULL};2021-11-16 09:39:12.000 +0100;"";;"";;2;3;0.2;13.233;
30575;2021-11-16 09:54:20.000 +0100;;{0.2,13.293,NULL};2021-11-16 09:54:20.000 +0100;"";;"";;2;3;0.2;13.293;
30578;2021-11-16 09:54:40.000 +0100;;{0.2,13.293,NULL};2021-11-16 09:54:40.000 +0100;"";;"";;2;3;0.2;13.293;
30579;2021-11-16 09:54:55.000 +0100;;{0.2,13.293,NULL};2021-11-16 09:54:55.000 +0100;"";;"";;2;3;0.2;13.293;
30594;2021-11-16 10:10:03.000 +0100;;{0.2,13.353,NULL};2021-11-16 10:10:03.000 +0100;"";;"";;2;3;0.2;13.353;
30605;2021-11-16 10:25:11.000 +0100;;{0.2,13.413,NULL};2021-11-16 10:25:11.000 +0100;"";;"";;2;3;0.2;13.413;
30617;2021-11-16 10:40:20.000 +0100;;{0.2,13.532,NULL};2021-11-16 10:40:20.000 +0100;"";;"";;2;3;0.2;13.532;
30618;2021-11-16 10:40:37.000 +0100;;{0.2,13.532,NULL};2021-11-16 10:40:37.000 +0100;"";;"";;2;3;0.2;13.532;
30630;2021-11-16 10:55:45.000 +0100;;{0.2,13.712,NULL};2021-11-16 10:55:45.000 +0100;"";;"";;2;3;0.2;13.712;
30641;2021-11-16 11:10:53.000 +0100;;{0.2,13.892,NULL};2021-11-16 11:10:53.000 +0100;"";;"";;2;3;0.2;13.892;
30653;2021-11-16 11:26:02.000 +0100;;{0.2,14.011,NULL};2021-11-16 11:26:02.000 +0100;"";;"";;2;3;0.2;14.011;
30665;2021-11-16 11:41:10.000 +0100;;{0.2,14.131,NULL};2021-11-16 11:41:10.000 +0100;"";;"";;2;3;0.2;14.131;
30677;2021-11-16 11:56:18.000 +0100;;{0.2,14.311,100.0};2021-11-16 11:56:18.000 +0100;"";;"";;2;3;0.2;14.311;100.0
30688;2021-11-16 12:11:26.000 +0100;;{0.15,14.431,NULL};2021-11-16 12:11:26.000 +0100;"";;"";;2;3;0.15;14.431;
30700;2021-11-16 12:26:47.000 +0100;;{0.2,14.55,NULL};2021-11-16 12:26:47.000 +0100;"";;"";;2;3;0.2;14.55;
30711;2021-11-16 12:41:55.000 +0100;;{0.2,14.61,NULL};2021-11-16 12:41:55.000 +0100;"";;"";;2;3;0.2;14.61;
30723;2021-11-16 12:57:03.000 +0100;;{0.2,14.79,NULL};2021-11-16 12:57:03.000 +0100;"";;"";;2;3;0.2;14.79;
30734;2021-11-16 13:12:11.000 +0100;;{0.2,14.85,NULL};2021-11-16 13:12:11.000 +0100;"";;"";;2;3;0.2;14.85;
30745;2021-11-16 13:27:20.000 +0100;;{0.2,14.97,NULL};2021-11-16 13:27:20.000 +0100;"";;"";;2;3;0.2;14.97;
30756;2021-11-16 13:42:28.000 +0100;;{0.15,15.089,NULL};2021-11-16 13:42:28.000 +0100;"";;"";;2;3;0.15;15.089;
30768;2021-11-16 13:57:36.000 +0100;;{0.2,15.209,NULL};2021-11-16 13:57:36.000 +0100;"";;"";;2;3;0.2;15.209;
30779;2021-11-16 14:12:45.000 +0100;;{0.2,15.209,100.0};2021-11-16 14:12:45.000 +0100;"";;"";;2;3;0.2;15.209;100.0
30792;2021-11-16 14:27:53.000 +0100;;{0.2,15.329,NULL};2021-11-16 14:27:53.000 +0100;"";;"";;2;3;0.2;15.329;
30806;2021-11-16 14:43:01.000 +0100;;{0.2,15.508,NULL};2021-11-16 14:43:01.000 +0100;"";;"";;2;3;0.2;15.508;
30817;2021-11-16 14:58:09.000 +0100;;{0.2,15.568,NULL};2021-11-16 14:58:09.000 +0100;"";;"";;2;3;0.2;15.568;
30828;2021-11-16 15:13:18.000 +0100;;{0.2,15.628,NULL};2021-11-16 15:13:18.000 +0100;"";;"";;2;3;0.2;15.628;
30839;2021-11-16 15:28:26.000 +0100;;{0.15,15.688,NULL};2021-11-16 15:28:26.000 +0100;"";;"";;2;3;0.15;15.688;
30850;2021-11-16 15:43:34.000 +0100;;{0.2,15.868,NULL};2021-11-16 15:43:34.000 +0100;"";;"";;2;3;0.2;15.868;
30861;2021-11-16 15:58:43.000 +0100;;{0.2,15.928,NULL};2021-11-16 15:58:43.000 +0100;"";;"";;2;3;0.2;15.928;
30873;2021-11-16 16:13:50.000 +0100;;{0.2,15.988,NULL};2021-11-16 16:13:50.000 +0100;"";;"";;2;3;0.2;15.988;
30884;2021-11-16 16:28:59.000 +0100;;{0.2,15.988,NULL};2021-11-16 16:28:59.000 +0100;"";;"";;2;3;0.2;15.988;
30896;2021-11-16 16:44:07.000 +0100;;{0.2,16.107,100.0};2021-11-16 16:44:07.000 +0100;"";;"";;2;3;0.2;16.107;100.0
30907;2021-11-16 16:59:15.000 +0100;;{0.2,16.107,NULL};2021-11-16 16:59:15.000 +0100;"";;"";;2;3;0.2;16.107;
30922;2021-11-16 17:14:24.000 +0100;;{0.2,16.107,NULL};2021-11-16 17:14:24.000 +0100;"";;"";;2;3;0.2;16.107;
30933;2021-11-16 17:29:32.000 +0100;;{0.2,16.047,NULL};2021-11-16 17:29:32.000 +0100;"";;"";;2;3;0.2;16.047;
30944;2021-11-16 17:44:40.000 +0100;;{0.2,15.928,NULL};2021-11-16 17:44:40.000 +0100;"";;"";;2;3;0.2;15.928;
30955;2021-11-16 17:59:49.000 +0100;;{0.2,15.808,NULL};2021-11-16 17:59:49.000 +0100;"";;"";;2;3;0.2;15.808;
30966;2021-11-16 18:14:57.000 +0100;;{0.2,15.748,NULL};2021-11-16 18:14:57.000 +0100;"";;"";;2;3;0.2;15.748;
30978;2021-11-16 18:30:05.000 +0100;;{0.2,15.688,NULL};2021-11-16 18:30:05.000 +0100;"";;"";;2;3;0.2;15.688;
30989;2021-11-16 18:45:13.000 +0100;;{0.2,15.508,NULL};2021-11-16 18:45:13.000 +0100;"";;"";;2;3;0.2;15.508;
31000;2021-11-16 19:00:21.000 +0100;;{0.2,15.449,NULL};2021-11-16 19:00:21.000 +0100;"";;"";;2;3;0.2;15.449;
31011;2021-11-16 19:15:30.000 +0100;;{0.2,15.329,100.0};2021-11-16 19:15:30.000 +0100;"";;"";;2;3;0.2;15.329;100.0
31022;2021-11-16 19:30:38.000 +0100;;{0.2,15.269,NULL};2021-11-16 19:30:38.000 +0100;"";;"";;2;3;0.2;15.269;
31034;2021-11-16 19:45:46.000 +0100;;{0.2,15.149,NULL};2021-11-16 19:45:46.000 +0100;"";;"";;2;3;0.2;15.149;
31046;2021-11-16 20:00:55.000 +0100;;{0.2,15.089,NULL};2021-11-16 20:00:55.000 +0100;"";;"";;2;3;0.2;15.089;
31058;2021-11-16 20:16:03.000 +0100;;{0.2,14.97,NULL};2021-11-16 20:16:03.000 +0100;"";;"";;2;3;0.2;14.97;
31069;2021-11-16 20:31:11.000 +0100;;{0.2,14.91,NULL};2021-11-16 20:31:11.000 +0100;"";;"";;2;3;0.2;14.91;
31081;2021-11-16 20:46:19.000 +0100;;{0.2,14.85,NULL};2021-11-16 20:46:19.000 +0100;"";;"";;2;3;0.2;14.85;
31092;2021-11-16 21:01:28.000 +0100;;{0.2,14.79,NULL};2021-11-16 21:01:28.000 +0100;"";;"";;2;3;0.2;14.79;
31103;2021-11-16 21:16:36.000 +0100;;{0.2,14.79,NULL};2021-11-16 21:16:36.000 +0100;"";;"";;2;3;0.2;14.79;
31114;2021-11-16 21:31:44.000 +0100;;{0.2,14.61,NULL};2021-11-16 21:31:44.000 +0100;"";;"";;2;3;0.2;14.61;
31126;2021-11-16 21:46:52.000 +0100;;{0.2,14.61,100.0};2021-11-16 21:46:52.000 +0100;"";;"";;2;3;0.2;14.61;100.0
31139;2021-11-16 22:02:01.000 +0100;;{0.2,14.55,NULL};2021-11-16 22:02:01.000 +0100;"";;"";;2;3;0.2;14.55;
31150;2021-11-16 22:17:09.000 +0100;;{0.2,14.491,NULL};2021-11-16 22:17:09.000 +0100;"";;"";;2;3;0.2;14.491;
31162;2021-11-16 22:32:17.000 +0100;;{0.2,14.431,NULL};2021-11-16 22:32:17.000 +0100;"";;"";;2;3;0.2;14.431;
31175;2021-11-16 22:47:25.000 +0100;;{0.2,14.431,NULL};2021-11-16 22:47:25.000 +0100;"";;"";;2;3;0.2;14.431;
31186;2021-11-16 23:02:34.000 +0100;;{0.2,14.371,NULL};2021-11-16 23:02:34.000 +0100;"";;"";;2;3;0.2;14.371;
31201;2021-11-16 23:17:42.000 +0100;;{0.2,14.311,NULL};2021-11-16 23:17:42.000 +0100;"";;"";;2;3;0.2;14.311;
31213;2021-11-16 23:33:07.000 +0100;;{0.2,14.311,NULL};2021-11-16 23:33:07.000 +0100;"";;"";;2;3;0.2;14.311;
31224;2021-11-16 23:48:16.000 +0100;;{0.2,14.251,NULL};2021-11-16 23:48:16.000 +0100;"";;"";;2;3;0.2;14.251;
31235;2021-11-17 00:03:38.000 +0100;;{0.2,14.191,100.0};2021-11-17 00:03:38.000 +0100;"";;"";;2;3;0.2;14.191;100.0
31246;2021-11-17 00:18:45.000 +0100;;{0.2,14.251,NULL};2021-11-17 00:18:45.000 +0100;"";;"";;2;3;0.2;14.251;
31257;2021-11-17 00:34:06.000 +0100;;{0.2,14.191,NULL};2021-11-17 00:34:06.000 +0100;"";;"";;2;3;0.2;14.191;
31269;2021-11-17 00:49:15.000 +0100;;{0.2,14.071,NULL};2021-11-17 00:49:15.000 +0100;"";;"";;2;3;0.2;14.071;
31281;2021-11-17 01:04:23.000 +0100;;{0.2,14.071,NULL};2021-11-17 01:04:23.000 +0100;"";;"";;2;3;0.2;14.071;
31292;2021-11-17 01:19:44.000 +0100;;{0.2,14.071,NULL};2021-11-17 01:19:44.000 +0100;"";;"";;2;3;0.2;14.071;
31303;2021-11-17 01:34:53.000 +0100;;{0.2,14.071,NULL};2021-11-17 01:34:53.000 +0100;"";;"";;2;3;0.2;14.071;
31316;2021-11-17 01:50:01.000 +0100;;{0.15,14.071,100.0};2021-11-17 01:50:01.000 +0100;"";;"";;2;3;0.15;14.071;100.0
31327;2021-11-17 02:05:09.000 +0100;;{0.15,14.011,NULL};2021-11-17 02:05:09.000 +0100;"";;"";;2;3;0.15;14.011;
31338;2021-11-17 02:20:18.000 +0100;;{0.2,13.952,NULL};2021-11-17 02:20:18.000 +0100;"";;"";;2;3;0.2;13.952;
31351;2021-11-17 02:35:26.000 +0100;;{0.2,13.952,NULL};2021-11-17 02:35:26.000 +0100;"";;"";;2;3;0.2;13.952;
31362;2021-11-17 02:50:34.000 +0100;;{0.2,13.952,NULL};2021-11-17 02:50:34.000 +0100;"";;"";;2;3;0.2;13.952;
31374;2021-11-17 03:06:03.000 +0100;;{0.2,13.952,NULL};2021-11-17 03:06:03.000 +0100;"";;"";;2;3;0.2;13.952;
31385;2021-11-17 03:21:11.000 +0100;;{0.2,13.892,NULL};2021-11-17 03:21:11.000 +0100;"";;"";;2;3;0.2;13.892;
31396;2021-11-17 03:36:19.000 +0100;;{0.2,13.892,NULL};2021-11-17 03:36:19.000 +0100;"";;"";;2;3;0.2;13.892;
31407;2021-11-17 03:51:27.000 +0100;;{0.2,13.892,NULL};2021-11-17 03:51:27.000 +0100;"";;"";;2;3;0.2;13.892;
31420;2021-11-17 04:06:35.000 +0100;;{0.2,13.832,100.0};2021-11-17 04:06:35.000 +0100;"";;"";;2;3;0.2;13.832;100.0
31432;2021-11-17 04:21:44.000 +0100;;{0.2,13.832,NULL};2021-11-17 04:21:44.000 +0100;"";;"";;2;3;0.2;13.832;
31444;2021-11-17 04:36:53.000 +0100;;{0.2,13.832,NULL};2021-11-17 04:36:53.000 +0100;"";;"";;2;3;0.2;13.832;
31456;2021-11-17 04:52:00.000 +0100;;{0.15,13.772,NULL};2021-11-17 04:52:00.000 +0100;"";;"";;2;3;0.15;13.772;
31467;2021-11-17 05:07:08.000 +0100;;{0.2,13.892,NULL};2021-11-17 05:07:08.000 +0100;"";;"";;2;3;0.2;13.892;
31478;2021-11-17 05:22:17.000 +0100;;{0.2,13.772,NULL};2021-11-17 05:22:17.000 +0100;"";;"";;2;3;0.2;13.772;
31517;2021-11-17 05:28:38.000 +0100;;{0.2,13.772,NULL};2021-11-17 05:28:38.000 +0100;"";;"";;2;3;0.2;13.772;
31511;2021-11-17 05:33:23.000 +0100;;{0.2,13.772,NULL};2021-11-17 05:33:23.000 +0100;"";;"";;2;3;0.2;13.772;
31514;2021-11-17 05:33:53.000 +0100;;{0.2,13.772,NULL};2021-11-17 05:33:53.000 +0100;"";;"";;2;3;0.2;13.772;
31526;2021-11-17 05:53:10.000 +0100;;{0.15,13.772,NULL};2021-11-17 05:53:10.000 +0100;"";;"";;2;3;0.15;13.772;
31538;2021-11-17 06:08:18.000 +0100;;{0.2,13.772,100.0};2021-11-17 06:08:18.000 +0100;"";;"";;2;3;0.2;13.772;100.0
31550;2021-11-17 06:23:26.000 +0100;;{0.2,13.652,NULL};2021-11-17 06:23:26.000 +0100;"";;"";;2;3;0.2;13.652;
31561;2021-11-17 06:38:34.000 +0100;;{0.2,13.592,NULL};2021-11-17 06:38:34.000 +0100;"";;"";;2;3;0.2;13.592;
31572;2021-11-17 06:53:43.000 +0100;;{0.2,13.592,NULL};2021-11-17 06:53:43.000 +0100;"";;"";;2;3;0.2;13.592;
31583;2021-11-17 07:08:51.000 +0100;;{0.2,13.592,NULL};2021-11-17 07:08:51.000 +0100;"";;"";;2;3;0.2;13.592;
31594;2021-11-17 07:23:59.000 +0100;;{0.2,13.592,NULL};2021-11-17 07:23:59.000 +0100;"";;"";;2;3;0.2;13.592;
31605;2021-11-17 07:39:09.000 +0100;;{0.2,13.532,NULL};2021-11-17 07:39:09.000 +0100;"";;"";;2;3;0.2;13.532;
31616;2021-11-17 07:54:16.000 +0100;;{0.2,13.532,NULL};2021-11-17 07:54:16.000 +0100;"";;"";;2;3;0.2;13.532;
31628;2021-11-17 08:09:24.000 +0100;;{0.2,13.592,NULL};2021-11-17 08:09:24.000 +0100;"";;"";;2;3;0.2;13.592;
31639;2021-11-17 08:24:32.000 +0100;;{0.2,13.532,NULL};2021-11-17 08:24:32.000 +0100;"";;"";;2;3;0.2;13.532;
31651;2021-11-17 08:39:40.000 +0100;;{0.15,13.532,100.0};2021-11-17 08:39:40.000 +0100;"";;"";;2;3;0.15;13.532;100.0
31662;2021-11-17 08:54:49.000 +0100;;{0.2,13.532,NULL};2021-11-17 08:54:49.000 +0100;"";;"";;2;3;0.2;13.532;
512955;2023-01-18 11:44:32.000 +0100;;{18.203,0.2,NULL};2023-01-18 11:44:32.000 +0100;"";;"";;2;3;18.203;0.2;
512964;2023-01-18 11:59:41.000 +0100;;{18.443,0.2,NULL};2023-01-18 11:59:41.000 +0100;"";;"";;2;3;18.443;0.2;
512973;2023-01-18 12:14:50.000 +0100;;{18.323,0.2,100.0};2023-01-18 12:14:50.000 +0100;"";;"";;2;3;18.323;0.2;100.0
512981;2023-01-18 12:29:58.000 +0100;;{18.263,0.2,NULL};2023-01-18 12:29:58.000 +0100;"";;"";;2;3;18.263;0.2;
512990;2023-01-18 12:45:07.000 +0100;;{18.083,0.2,NULL};2023-01-18 12:45:07.000 +0100;"";;"";;2;3;18.083;0.2;
512999;2023-01-18 13:00:16.000 +0100;;{18.023,0.2,NULL};2023-01-18 13:00:16.000 +0100;"";;"";;2;3;18.023;0.2;
513008;2023-01-18 13:15:35.000 +0100;;{17.904,0.2,NULL};2023-01-18 13:15:35.000 +0100;"";;"";;2;3;17.904;0.2;
513009;2023-01-18 13:15:51.000 +0100;;{17.904,0.2,NULL};2023-01-18 13:15:51.000 +0100;"";;"";;2;3;17.904;0.2;
513018;2023-01-18 13:30:58.000 +0100;;{17.964,0.2,NULL};2023-01-18 13:30:58.000 +0100;"";;"";;2;3;17.964;0.2;
513027;2023-01-18 13:46:07.000 +0100;;{18.443,0.2,NULL};2023-01-18 13:46:07.000 +0100;"";;"";;2;3;18.443;0.2;
513029;2023-01-18 13:46:40.000 +0100;;{18.443,0.2,NULL};2023-01-18 13:46:40.000 +0100;"";;"";;2;3;18.443;0.2;
513038;2023-01-18 14:01:48.000 +0100;;{18.802,0.2,NULL};2023-01-18 14:01:48.000 +0100;"";;"";;2;3;18.802;0.2;
513048;2023-01-18 14:16:57.000 +0100;;{18.862,0.2,NULL};2023-01-18 14:16:57.000 +0100;"";;"";;2;3;18.862;0.2;
513058;2023-01-18 14:32:22.000 +0100;;{18.682,0.2,NULL};2023-01-18 14:32:22.000 +0100;"";;"";;2;3;18.682;0.2;
513060;2023-01-18 14:32:42.000 +0100;;{18.682,0.2,NULL};2023-01-18 14:32:42.000 +0100;"";;"";;2;3;18.682;0.2;
513069;2023-01-18 14:47:51.000 +0100;;{18.742,0.2,NULL};2023-01-18 14:47:51.000 +0100;"";;"";;2;3;18.742;0.2;
513070;2023-01-18 14:48:04.000 +0100;;{18.742,0.2,NULL};2023-01-18 14:48:04.000 +0100;"";;"";;2;3;18.742;0.2;
513080;2023-01-18 15:03:11.000 +0100;;{19.041,0.2,NULL};2023-01-18 15:03:11.000 +0100;"";;"";;2;3;19.041;0.2;
513089;2023-01-18 15:18:20.000 +0100;;{18.922,0.2,NULL};2023-01-18 15:18:20.000 +0100;"";;"";;2;3;18.922;0.2;
513098;2023-01-18 15:33:29.000 +0100;;{18.802,0.2,100.0};2023-01-18 15:33:29.000 +0100;"";;"";;2;3;18.802;0.2;100.0
513107;2023-01-18 15:48:36.000 +0100;;{18.802,0.2,NULL};2023-01-18 15:48:36.000 +0100;"";;"";;2;3;18.802;0.2;
513116;2023-01-18 16:03:45.000 +0100;;{18.742,0.2,NULL};2023-01-18 16:03:45.000 +0100;"";;"";;2;3;18.742;0.2;
513125;2023-01-18 16:18:53.000 +0100;;{18.622,0.2,NULL};2023-01-18 16:18:53.000 +0100;"";;"";;2;3;18.622;0.2;
513128;2023-01-18 16:19:12.000 +0100;;{18.622,0.2,NULL};2023-01-18 16:19:12.000 +0100;"";;"";;2;3;18.622;0.2;
513129;2023-01-18 16:19:30.000 +0100;;{18.622,0.2,NULL};2023-01-18 16:19:30.000 +0100;"";;"";;2;3;18.622;0.2;
513138;2023-01-18 16:34:51.000 +0100;;{18.622,0.2,NULL};2023-01-18 16:34:51.000 +0100;"";;"";;2;3;18.622;0.2;
513148;2023-01-18 16:49:58.000 +0100;;{18.622,0.2,NULL};2023-01-18 16:49:58.000 +0100;"";;"";;2;3;18.622;0.2;
513157;2023-01-18 17:05:07.000 +0100;;{18.622,0.2,NULL};2023-01-18 17:05:07.000 +0100;"";;"";;2;3;18.622;0.2;
513167;2023-01-18 17:20:34.000 +0100;;{18.502,0.2,100.0};2023-01-18 17:20:34.000 +0100;"";;"";;2;3;18.502;0.2;100.0
513168;2023-01-18 17:20:46.000 +0100;;{18.502,0.2,100.0};2023-01-18 17:20:46.000 +0100;"";;"";;2;3;18.502;0.2;100.0
513177;2023-01-18 17:35:51.000 +0100;;{18.622,0.2,NULL};2023-01-18 17:35:51.000 +0100;"";;"";;2;3;18.622;0.2;
513178;2023-01-18 17:36:04.000 +0100;;{18.622,0.2,NULL};2023-01-18 17:36:04.000 +0100;"";;"";;2;3;18.622;0.2;
513188;2023-01-18 17:51:13.000 +0100;;{18.502,0.2,NULL};2023-01-18 17:51:13.000 +0100;"";;"";;2;3;18.502;0.2;
513197;2023-01-18 18:06:21.000 +0100;;{18.502,0.2,NULL};2023-01-18 18:06:21.000 +0100;"";;"";;2;3;18.502;0.2;
513206;2023-01-18 18:21:30.000 +0100;;{18.443,0.2,NULL};2023-01-18 18:21:30.000 +0100;"";;"";;2;3;18.443;0.2;
513215;2023-01-18 18:36:37.000 +0100;;{18.443,0.2,NULL};2023-01-18 18:36:37.000 +0100;"";;"";;2;3;18.443;0.2;
513224;2023-01-18 18:52:05.000 +0100;;{18.443,0.2,NULL};2023-01-18 18:52:05.000 +0100;"";;"";;2;3;18.443;0.2;
513233;2023-01-18 19:07:14.000 +0100;;{18.443,0.2,NULL};2023-01-18 19:07:14.000 +0100;"";;"";;2;3;18.443;0.2;
513242;2023-01-18 19:22:21.000 +0100;;{18.443,0.2,NULL};2023-01-18 19:22:21.000 +0100;"";;"";;2;3;18.443;0.2;
513251;2023-01-18 19:37:30.000 +0100;;{18.443,0.2,NULL};2023-01-18 19:37:30.000 +0100;"";;"";;2;3;18.443;0.2;
513260;2023-01-18 19:52:37.000 +0100;;{18.443,0.2,NULL};2023-01-18 19:52:37.000 +0100;"";;"";;2;3;18.443;0.2;
513269;2023-01-18 20:07:46.000 +0100;;{18.443,0.2,NULL};2023-01-18 20:07:46.000 +0100;"";;"";;2;3;18.443;0.2;
513278;2023-01-18 20:22:54.000 +0100;;{18.443,0.2,NULL};2023-01-18 20:22:54.000 +0100;"";;"";;2;3;18.443;0.2;
513287;2023-01-18 20:38:02.000 +0100;;{18.443,0.2,NULL};2023-01-18 20:38:02.000 +0100;"";;"";;2;3;18.443;0.2;
513296;2023-01-18 20:53:11.000 +0100;;{18.502,0.2,NULL};2023-01-18 20:53:11.000 +0100;"";;"";;2;3;18.502;0.2;
513305;2023-01-18 21:08:19.000 +0100;;{18.502,0.2,NULL};2023-01-18 21:08:19.000 +0100;"";;"";;2;3;18.502;0.2;
513314;2023-01-18 21:23:27.000 +0100;;{18.502,0.2,100.0};2023-01-18 21:23:27.000 +0100;"";;"";;2;3;18.502;0.2;100.0
513323;2023-01-18 21:38:47.000 +0100;;{18.502,0.2,NULL};2023-01-18 21:38:47.000 +0100;"";;"";;2;3;18.502;0.2;
513333;2023-01-18 21:53:56.000 +0100;;{18.562,0.2,NULL};2023-01-18 21:53:56.000 +0100;"";;"";;2;3;18.562;0.2;
513342;2023-01-18 22:09:04.000 +0100;;{18.502,0.2,NULL};2023-01-18 22:09:04.000 +0100;"";;"";;2;3;18.502;0.2;
513351;2023-01-18 22:24:24.000 +0100;;{18.502,0.2,NULL};2023-01-18 22:24:24.000 +0100;"";;"";;2;3;18.502;0.2;
513360;2023-01-18 22:39:33.000 +0100;;{18.562,0.2,NULL};2023-01-18 22:39:33.000 +0100;"";;"";;2;3;18.562;0.2;
513369;2023-01-18 22:54:41.000 +0100;;{18.562,0.2,NULL};2023-01-18 22:54:41.000 +0100;"";;"";;2;3;18.562;0.2;
513378;2023-01-18 23:09:50.000 +0100;;{18.562,0.2,NULL};2023-01-18 23:09:50.000 +0100;"";;"";;2;3;18.562;0.2;
513388;2023-01-18 23:24:57.000 +0100;;{18.622,0.2,100.0};2023-01-18 23:24:57.000 +0100;"";;"";;2;3;18.622;0.2;100.0
513397;2023-01-18 23:40:06.000 +0100;;{18.622,0.2,NULL};2023-01-18 23:40:06.000 +0100;"";;"";;2;3;18.622;0.2;
513406;2023-01-18 23:55:14.000 +0100;;{18.622,0.2,NULL};2023-01-18 23:55:14.000 +0100;"";;"";;2;3;18.622;0.2;
513415;2023-01-19 00:10:22.000 +0100;;{18.622,0.2,NULL};2023-01-19 00:10:22.000 +0100;"";;"";;2;3;18.622;0.2;
513424;2023-01-19 00:25:30.000 +0100;;{18.622,0.15,NULL};2023-01-19 00:25:30.000 +0100;"";;"";;2;3;18.622;0.15;
513433;2023-01-19 00:40:39.000 +0100;;{18.622,0.2,NULL};2023-01-19 00:40:39.000 +0100;"";;"";;2;3;18.622;0.2;
513442;2023-01-19 00:55:47.000 +0100;;{18.622,0.2,NULL};2023-01-19 00:55:47.000 +0100;"";;"";;2;3;18.622;0.2;
513451;2023-01-19 01:10:55.000 +0100;;{18.622,0.2,NULL};2023-01-19 01:10:55.000 +0100;"";;"";;2;3;18.622;0.2;
513460;2023-01-19 01:26:03.000 +0100;;{18.622,0.2,NULL};2023-01-19 01:26:03.000 +0100;"";;"";;2;3;18.622;0.2;
513469;2023-01-19 01:41:12.000 +0100;;{18.622,0.2,NULL};2023-01-19 01:41:12.000 +0100;"";;"";;2;3;18.622;0.2;
513478;2023-01-19 01:56:20.000 +0100;;{18.622,0.2,100.0};2023-01-19 01:56:20.000 +0100;"";;"";;2;3;18.622;0.2;100.0
513487;2023-01-19 02:11:39.000 +0100;;{18.682,0.2,NULL};2023-01-19 02:11:39.000 +0100;"";;"";;2;3;18.682;0.2;
513496;2023-01-19 02:26:49.000 +0100;;{18.622,0.2,NULL};2023-01-19 02:26:49.000 +0100;"";;"";;2;3;18.622;0.2;
513505;2023-01-19 02:41:56.000 +0100;;{18.682,0.2,NULL};2023-01-19 02:41:56.000 +0100;"";;"";;2;3;18.682;0.2;
513513;2023-01-19 02:57:05.000 +0100;;{18.622,0.2,NULL};2023-01-19 02:57:05.000 +0100;"";;"";;2;3;18.622;0.2;
513522;2023-01-19 03:12:12.000 +0100;;{18.622,0.2,NULL};2023-01-19 03:12:12.000 +0100;"";;"";;2;3;18.622;0.2;
513531;2023-01-19 03:27:20.000 +0100;;{18.622,0.2,NULL};2023-01-19 03:27:20.000 +0100;"";;"";;2;3;18.622;0.2;
513540;2023-01-19 03:42:29.000 +0100;;{18.622,0.2,NULL};2023-01-19 03:42:29.000 +0100;"";;"";;2;3;18.622;0.2;
513550;2023-01-19 03:57:56.000 +0100;;{18.622,0.2,NULL};2023-01-19 03:57:56.000 +0100;"";;"";;2;3;18.622;0.2;
513551;2023-01-19 03:58:07.000 +0100;;{18.622,0.2,NULL};2023-01-19 03:58:07.000 +0100;"";;"";;2;3;18.622;0.2;
513561;2023-01-19 04:13:14.000 +0100;;{18.682,0.2,NULL};2023-01-19 04:13:14.000 +0100;"";;"";;2;3;18.682;0.2;
513570;2023-01-19 04:28:38.000 +0100;;{18.622,0.2,NULL};2023-01-19 04:28:38.000 +0100;"";;"";;2;3;18.622;0.2;
513579;2023-01-19 04:43:47.000 +0100;;{18.742,0.2,NULL};2023-01-19 04:43:47.000 +0100;"";;"";;2;3;18.742;0.2;
513588;2023-01-19 04:58:55.000 +0100;;{18.682,0.2,NULL};2023-01-19 04:58:55.000 +0100;"";;"";;2;3;18.682;0.2;
513597;2023-01-19 05:14:02.000 +0100;;{18.622,0.2,NULL};2023-01-19 05:14:02.000 +0100;"";;"";;2;3;18.622;0.2;
513606;2023-01-19 05:29:11.000 +0100;;{18.682,0.2,NULL};2023-01-19 05:29:11.000 +0100;"";;"";;2;3;18.682;0.2;
513615;2023-01-19 05:44:19.000 +0100;;{18.682,0.2,NULL};2023-01-19 05:44:19.000 +0100;"";;"";;2;3;18.682;0.2;
513624;2023-01-19 05:59:28.000 +0100;;{18.682,0.2,100.0};2023-01-19 05:59:28.000 +0100;"";;"";;2;3;18.682;0.2;100.0
513633;2023-01-19 06:14:47.000 +0100;;{18.682,0.2,NULL};2023-01-19 06:14:47.000 +0100;"";;"";;2;3;18.682;0.2;
513642;2023-01-19 06:29:56.000 +0100;;{18.682,0.2,NULL};2023-01-19 06:29:56.000 +0100;"";;"";;2;3;18.682;0.2;
513651;2023-01-19 06:45:03.000 +0100;;{18.682,0.2,NULL};2023-01-19 06:45:03.000 +0100;"";;"";;2;3;18.682;0.2;
513660;2023-01-19 07:00:28.000 +0100;;{18.682,0.2,NULL};2023-01-19 07:00:28.000 +0100;"";;"";;2;3;18.682;0.2;
513669;2023-01-19 07:15:36.000 +0100;;{18.802,0.2,NULL};2023-01-19 07:15:36.000 +0100;"";;"";;2;3;18.802;0.2;
513678;2023-01-19 07:30:44.000 +0100;;{18.802,0.2,NULL};2023-01-19 07:30:44.000 +0100;"";;"";;2;3;18.802;0.2;
513687;2023-01-19 07:46:05.000 +0100;;{18.802,0.2,NULL};2023-01-19 07:46:05.000 +0100;"";;"";;2;3;18.802;0.2;
513696;2023-01-19 08:01:13.000 +0100;;{18.742,0.2,NULL};2023-01-19 08:01:13.000 +0100;"";;"";;2;3;18.742;0.2;
513705;2023-01-19 08:16:21.000 +0100;;{18.622,0.2,NULL};2023-01-19 08:16:21.000 +0100;"";;"";;2;3;18.622;0.2;
513714;2023-01-19 08:31:30.000 +0100;;{18.682,0.2,NULL};2023-01-19 08:31:30.000 +0100;"";;"";;2;3;18.682;0.2;
513715;2023-01-19 08:31:41.000 +0100;;{18.682,0.2,NULL};2023-01-19 08:31:41.000 +0100;"";;"";;2;3;18.682;0.2;
513724;2023-01-19 08:46:50.000 +0100;;{18.802,0.2,NULL};2023-01-19 08:46:50.000 +0100;"";;"";;2;3;18.802;0.2;
513733;2023-01-19 09:01:58.000 +0100;;{18.862,0.2,NULL};2023-01-19 09:01:58.000 +0100;"";;"";;2;3;18.862;0.2;
513742;2023-01-19 09:17:06.000 +0100;;{18.982,0.2,NULL};2023-01-19 09:17:06.000 +0100;"";;"";;2;3;18.982;0.2;
513752;2023-01-19 09:32:34.000 +0100;;{19.101,0.2,NULL};2023-01-19 09:32:34.000 +0100;"";;"";;2;3;19.101;0.2;
513761;2023-01-19 09:47:42.000 +0100;;{19.341,0.2,100.0};2023-01-19 09:47:42.000 +0100;"";;"";;2;3;19.341;0.2;100.0
513770;2023-01-19 10:03:08.000 +0100;;{19.461,0.2,NULL};2023-01-19 10:03:08.000 +0100;"";;"";;2;3;19.461;0.2;
513779;2023-01-19 10:18:17.000 +0100;;{19.461,0.2,NULL};2023-01-19 10:18:17.000 +0100;"";;"";;2;3;19.461;0.2;
513789;2023-01-19 10:33:24.000 +0100;;{19.401,0.2,NULL};2023-01-19 10:33:24.000 +0100;"";;"";;2;3;19.401;0.2;
513798;2023-01-19 10:48:32.000 +0100;;{19.341,0.2,NULL};2023-01-19 10:48:32.000 +0100;"";;"";;2;3;19.341;0.2;
513807;2023-01-19 11:03:56.000 +0100;;{19.281,0.2,NULL};2023-01-19 11:03:56.000 +0100;"";;"";;2;3;19.281;0.2;
513816;2023-01-19 11:19:04.000 +0100;;{19.461,0.2,NULL};2023-01-19 11:19:04.000 +0100;"";;"";;2;3;19.461;0.2;
513825;2023-01-19 11:34:12.000 +0100;;{18.922,0.2,NULL};2023-01-19 11:34:12.000 +0100;"";;"";;2;3;18.922;0.2;
513835;2023-01-19 11:49:20.000 +0100;;{19.281,0.2,100.0};2023-01-19 11:49:20.000 +0100;"";;"";;2;3;19.281;0.2;100.0
513843;2023-01-19 12:04:29.000 +0100;;{19.281,0.2,NULL};2023-01-19 12:04:29.000 +0100;"";;"";;2;3;19.281;0.2;
513852;2023-01-19 12:19:37.000 +0100;;{19.401,0.2,NULL};2023-01-19 12:19:37.000 +0100;"";;"";;2;3;19.401;0.2;
513863;2023-01-19 12:34:56.000 +0100;;{19.281,0.2,NULL};2023-01-19 12:34:56.000 +0100;"";;"";;2;3;19.281;0.2;
513873;2023-01-19 12:50:04.000 +0100;;{19.281,0.2,NULL};2023-01-19 12:50:04.000 +0100;"";;"";;2;3;19.281;0.2;
513882;2023-01-19 13:05:13.000 +0100;;{19.281,0.2,NULL};2023-01-19 13:05:13.000 +0100;"";;"";;2;3;19.281;0.2;
513891;2023-01-19 13:20:20.000 +0100;;{19.281,0.2,NULL};2023-01-19 13:20:20.000 +0100;"";;"";;2;3;19.281;0.2;
513900;2023-01-19 13:35:29.000 +0100;;{19.281,0.2,NULL};2023-01-19 13:35:29.000 +0100;"";;"";;2;3;19.281;0.2;
513913;2023-01-19 13:50:38.000 +0100;;{18.922,0.2,NULL};2023-01-19 13:50:38.000 +0100;"";;"";;2;3;18.922;0.2;
513924;2023-01-19 14:05:45.000 +0100;;{19.221,0.2,100.0};2023-01-19 14:05:45.000 +0100;"";;"";;2;3;19.221;0.2;100.0
513933;2023-01-19 14:21:13.000 +0100;;{19.281,0.2,NULL};2023-01-19 14:21:13.000 +0100;"";;"";;2;3;19.281;0.2;
513942;2023-01-19 14:36:23.000 +0100;;{19.341,0.2,NULL};2023-01-19 14:36:23.000 +0100;"";;"";;2;3;19.341;0.2;
513952;2023-01-19 14:51:31.000 +0100;;{19.341,0.2,NULL};2023-01-19 14:51:31.000 +0100;"";;"";;2;3;19.341;0.2;
513962;2023-01-19 15:06:38.000 +0100;;{19.7,0.2,NULL};2023-01-19 15:06:38.000 +0100;"";;"";;2;3;19.7;0.2;
513971;2023-01-19 15:21:46.000 +0100;;{19.64,0.2,NULL};2023-01-19 15:21:46.000 +0100;"";;"";;2;3;19.64;0.2;
513980;2023-01-19 15:36:55.000 +0100;;{20.179,0.2,NULL};2023-01-19 15:36:55.000 +0100;"";;"";;2;3;20.179;0.2;
513990;2023-01-19 15:52:03.000 +0100;;{20.718,0.2,NULL};2023-01-19 15:52:03.000 +0100;"";;"";;2;3;20.718;0.2;
513999;2023-01-19 16:07:11.000 +0100;;{21.676,0.2,NULL};2023-01-19 16:07:11.000 +0100;"";;"";;2;3;21.676;0.2;
514009;2023-01-19 16:22:19.000 +0100;;{21.556,0.2,100.0};2023-01-19 16:22:19.000 +0100;"";;"";;2;3;21.556;0.2;100.0
514020;2023-01-19 16:37:28.000 +0100;;{20.958,0.2,NULL};2023-01-19 16:37:28.000 +0100;"";;"";;2;3;20.958;0.2;
514029;2023-01-19 16:52:36.000 +0100;;{20.598,0.2,NULL};2023-01-19 16:52:36.000 +0100;"";;"";;2;3;20.598;0.2;
514038;2023-01-19 17:07:44.000 +0100;;{20.419,0.2,NULL};2023-01-19 17:07:44.000 +0100;"";;"";;2;3;20.419;0.2;
514047;2023-01-19 17:23:10.000 +0100;;{20.239,0.2,NULL};2023-01-19 17:23:10.000 +0100;"";;"";;2;3;20.239;0.2;
514056;2023-01-19 17:38:18.000 +0100;;{20.059,0.2,NULL};2023-01-19 17:38:18.000 +0100;"";;"";;2;3;20.059;0.2;
514065;2023-01-19 17:53:40.000 +0100;;{19.94,0.2,NULL};2023-01-19 17:53:40.000 +0100;"";;"";;2;3;19.94;0.2;
514074;2023-01-19 18:08:49.000 +0100;;{19.76,0.2,NULL};2023-01-19 18:08:49.000 +0100;"";;"";;2;3;19.76;0.2;
514084;2023-01-19 18:23:57.000 +0100;;{19.76,0.2,100.0};2023-01-19 18:23:57.000 +0100;"";;"";;2;3;19.76;0.2;100.0
514094;2023-01-19 18:39:05.000 +0100;;{19.7,0.2,NULL};2023-01-19 18:39:05.000 +0100;"";;"";;2;3;19.7;0.2;
514103;2023-01-19 18:54:14.000 +0100;;{19.64,0.2,NULL};2023-01-19 18:54:14.000 +0100;"";;"";;2;3;19.64;0.2;
514112;2023-01-19 19:09:23.000 +0100;;{19.58,0.2,NULL};2023-01-19 19:09:23.000 +0100;"";;"";;2;3;19.58;0.2;
514121;2023-01-19 19:24:30.000 +0100;;{19.52,0.2,NULL};2023-01-19 19:24:30.000 +0100;"";;"";;2;3;19.52;0.2;
514130;2023-01-19 19:39:51.000 +0100;;{19.461,0.2,NULL};2023-01-19 19:39:51.000 +0100;"";;"";;2;3;19.461;0.2;
514139;2023-01-19 19:54:59.000 +0100;;{19.461,0.2,NULL};2023-01-19 19:54:59.000 +0100;"";;"";;2;3;19.461;0.2;
514148;2023-01-19 20:10:07.000 +0100;;{19.461,0.2,NULL};2023-01-19 20:10:07.000 +0100;"";;"";;2;3;19.461;0.2;
514157;2023-01-19 20:25:32.000 +0100;;{19.401,0.2,NULL};2023-01-19 20:25:32.000 +0100;"";;"";;2;3;19.401;0.2;
514158;2023-01-19 20:25:50.000 +0100;;{19.401,0.2,NULL};2023-01-19 20:25:50.000 +0100;"";;"";;2;3;19.401;0.2;
514167;2023-01-19 20:41:01.000 +0100;;{19.341,0.2,NULL};2023-01-19 20:41:01.000 +0100;"";;"";;2;3;19.341;0.2;
514176;2023-01-19 20:56:09.000 +0100;;{19.341,0.2,NULL};2023-01-19 20:56:09.000 +0100;"";;"";;2;3;19.341;0.2;
514187;2023-01-19 21:11:36.000 +0100;;{19.341,0.2,NULL};2023-01-19 21:11:36.000 +0100;"";;"";;2;3;19.341;0.2;
514196;2023-01-19 21:26:45.000 +0100;;{19.281,0.2,NULL};2023-01-19 21:26:45.000 +0100;"";;"";;2;3;19.281;0.2;
514205;2023-01-19 21:41:53.000 +0100;;{19.281,0.2,NULL};2023-01-19 21:41:53.000 +0100;"";;"";;2;3;19.281;0.2;
514215;2023-01-19 21:57:01.000 +0100;;{19.281,0.2,NULL};2023-01-19 21:57:01.000 +0100;"";;"";;2;3;19.281;0.2;
514224;2023-01-19 22:12:10.000 +0100;;{19.281,0.2,NULL};2023-01-19 22:12:10.000 +0100;"";;"";;2;3;19.281;0.2;
514233;2023-01-19 22:27:18.000 +0100;;{19.281,0.2,100.0};2023-01-19 22:27:18.000 +0100;"";;"";;2;3;19.281;0.2;100.0
514242;2023-01-19 22:42:26.000 +0100;;{19.281,0.2,NULL};2023-01-19 22:42:26.000 +0100;"";;"";;2;3;19.281;0.2;
514251;2023-01-19 22:57:50.000 +0100;;{19.221,0.2,NULL};2023-01-19 22:57:50.000 +0100;"";;"";;2;3;19.221;0.2;
514261;2023-01-19 23:12:58.000 +0100;;{19.221,0.2,NULL};2023-01-19 23:12:58.000 +0100;"";;"";;2;3;19.221;0.2;
514271;2023-01-19 23:28:07.000 +0100;;{19.101,0.2,NULL};2023-01-19 23:28:07.000 +0100;"";;"";;2;3;19.101;0.2;
514280;2023-01-19 23:43:28.000 +0100;;{19.101,0.2,NULL};2023-01-19 23:43:28.000 +0100;"";;"";;2;3;19.101;0.2;
514290;2023-01-19 23:58:37.000 +0100;;{19.101,0.2,NULL};2023-01-19 23:58:37.000 +0100;"";;"";;2;3;19.101;0.2;
514299;2023-01-20 00:13:45.000 +0100;;{19.101,0.2,NULL};2023-01-20 00:13:45.000 +0100;"";;"";;2;3;19.101;0.2;
514308;2023-01-20 00:29:10.000 +0100;;{19.041,0.2,100.0};2023-01-20 00:29:10.000 +0100;"";;"";;2;3;19.041;0.2;100.0
514317;2023-01-20 00:44:18.000 +0100;;{19.101,0.2,NULL};2023-01-20 00:44:18.000 +0100;"";;"";;2;3;19.101;0.2;
514326;2023-01-20 00:59:27.000 +0100;;{19.101,0.2,NULL};2023-01-20 00:59:27.000 +0100;"";;"";;2;3;19.101;0.2;
514336;2023-01-20 01:14:35.000 +0100;;{19.041,0.2,NULL};2023-01-20 01:14:35.000 +0100;"";;"";;2;3;19.041;0.2;
514345;2023-01-20 01:29:43.000 +0100;;{19.041,0.2,NULL};2023-01-20 01:29:43.000 +0100;"";;"";;2;3;19.041;0.2;
514355;2023-01-20 01:44:51.000 +0100;;{19.041,0.2,NULL};2023-01-20 01:44:51.000 +0100;"";;"";;2;3;19.041;0.2;
514364;2023-01-20 02:00:00.000 +0100;;{18.982,0.2,NULL};2023-01-20 02:00:00.000 +0100;"";;"";;2;3;18.982;0.2;
514373;2023-01-20 02:15:21.000 +0100;;{18.982,0.2,NULL};2023-01-20 02:15:21.000 +0100;"";;"";;2;3;18.982;0.2;
514382;2023-01-20 02:30:30.000 +0100;;{18.922,0.2,100.0};2023-01-20 02:30:30.000 +0100;"";;"";;2;3;18.922;0.2;100.0
514391;2023-01-20 02:45:42.000 +0100;;{18.922,0.2,NULL};2023-01-20 02:45:42.000 +0100;"";;"";;2;3;18.922;0.2;
514400;2023-01-20 03:00:50.000 +0100;;{18.922,0.2,NULL};2023-01-20 03:00:50.000 +0100;"";;"";;2;3;18.922;0.2;
514409;2023-01-20 03:15:58.000 +0100;;{18.922,0.2,NULL};2023-01-20 03:15:58.000 +0100;"";;"";;2;3;18.922;0.2;
514418;2023-01-20 03:31:07.000 +0100;;{18.922,0.2,NULL};2023-01-20 03:31:07.000 +0100;"";;"";;2;3;18.922;0.2;
514427;2023-01-20 03:46:15.000 +0100;;{18.922,0.2,NULL};2023-01-20 03:46:15.000 +0100;"";;"";;2;3;18.922;0.2;
514437;2023-01-20 04:01:34.000 +0100;;{18.922,0.15,NULL};2023-01-20 04:01:34.000 +0100;"";;"";;2;3;18.922;0.15;
514446;2023-01-20 04:16:42.000 +0100;;{18.922,0.2,NULL};2023-01-20 04:16:42.000 +0100;"";;"";;2;3;18.922;0.2;
514455;2023-01-20 04:31:51.000 +0100;;{18.982,0.2,NULL};2023-01-20 04:31:51.000 +0100;"";;"";;2;3;18.982;0.2;
514465;2023-01-20 04:47:15.000 +0100;;{18.922,0.2,100.0};2023-01-20 04:47:15.000 +0100;"";;"";;2;3;18.922;0.2;100.0
514467;2023-01-20 04:47:29.000 +0100;;{18.922,0.2,100.0};2023-01-20 04:47:29.000 +0100;"";;"";;2;3;18.922;0.2;100.0
514477;2023-01-20 05:02:36.000 +0100;;{18.922,0.2,NULL};2023-01-20 05:02:36.000 +0100;"";;"";;2;3;18.922;0.2;
514486;2023-01-20 05:17:45.000 +0100;;{18.922,0.2,NULL};2023-01-20 05:17:45.000 +0100;"";;"";;2;3;18.922;0.2;
514487;2023-01-20 05:18:01.000 +0100;;{18.922,0.2,NULL};2023-01-20 05:18:01.000 +0100;"";;"";;2;3;18.922;0.2;
514488;2023-01-20 05:18:17.000 +0100;;{18.922,0.2,NULL};2023-01-20 05:18:17.000 +0100;"";;"";;2;3;18.922;0.2;
514497;2023-01-20 05:33:28.000 +0100;;{18.862,0.2,NULL};2023-01-20 05:33:28.000 +0100;"";;"";;2;3;18.862;0.2;
514506;2023-01-20 05:48:36.000 +0100;;{18.922,0.2,NULL};2023-01-20 05:48:36.000 +0100;"";;"";;2;3;18.922;0.2;
514515;2023-01-20 06:03:44.000 +0100;;{18.922,0.2,NULL};2023-01-20 06:03:44.000 +0100;"";;"";;2;3;18.922;0.2;
514525;2023-01-20 06:18:52.000 +0100;;{18.922,0.2,100.0};2023-01-20 06:18:52.000 +0100;"";;"";;2;3;18.922;0.2;100.0
514534;2023-01-20 06:34:00.000 +0100;;{18.922,0.2,NULL};2023-01-20 06:34:00.000 +0100;"";;"";;2;3;18.922;0.2;
514543;2023-01-20 06:49:09.000 +0100;;{18.862,0.2,NULL};2023-01-20 06:49:09.000 +0100;"";;"";;2;3;18.862;0.2;
514552;2023-01-20 07:04:17.000 +0100;;{18.922,0.2,NULL};2023-01-20 07:04:17.000 +0100;"";;"";;2;3;18.922;0.2;
514561;2023-01-20 07:19:25.000 +0100;;{18.802,0.2,NULL};2023-01-20 07:19:25.000 +0100;"";;"";;2;3;18.802;0.2;
514570;2023-01-20 07:34:34.000 +0100;;{18.862,0.2,NULL};2023-01-20 07:34:34.000 +0100;"";;"";;2;3;18.862;0.2;
514579;2023-01-20 07:49:43.000 +0100;;{18.862,0.2,NULL};2023-01-20 07:49:43.000 +0100;"";;"";;2;3;18.862;0.2;
514588;2023-01-20 08:04:50.000 +0100;;{18.802,0.2,NULL};2023-01-20 08:04:50.000 +0100;"";;"";;2;3;18.802;0.2;
514597;2023-01-20 08:19:58.000 +0100;;{18.802,0.2,NULL};2023-01-20 08:19:58.000 +0100;"";;"";;2;3;18.802;0.2;
514606;2023-01-20 08:35:07.000 +0100;;{18.802,0.2,NULL};2023-01-20 08:35:07.000 +0100;"";;"";;2;3;18.802;0.2;
514615;2023-01-20 08:50:15.000 +0100;;{18.802,0.2,100.0};2023-01-20 08:50:15.000 +0100;"";;"";;2;3;18.802;0.2;100.0
514624;2023-01-20 09:05:23.000 +0100;;{18.802,0.2,NULL};2023-01-20 09:05:23.000 +0100;"";;"";;2;3;18.802;0.2;
514633;2023-01-20 09:20:31.000 +0100;;{18.802,0.2,NULL};2023-01-20 09:20:31.000 +0100;"";;"";;2;3;18.802;0.2;
514642;2023-01-20 09:35:39.000 +0100;;{18.802,0.2,NULL};2023-01-20 09:35:39.000 +0100;"";;"";;2;3;18.802;0.2;
514651;2023-01-20 09:50:47.000 +0100;;{18.862,0.2,NULL};2023-01-20 09:50:47.000 +0100;"";;"";;2;3;18.862;0.2;
514660;2023-01-20 10:05:56.000 +0100;;{18.862,0.2,NULL};2023-01-20 10:05:56.000 +0100;"";;"";;2;3;18.862;0.2;
514669;2023-01-20 10:21:05.000 +0100;;{18.922,0.2,NULL};2023-01-20 10:21:05.000 +0100;"";;"";;2;3;18.922;0.2;
514670;2023-01-20 10:21:20.000 +0100;;{18.922,0.2,NULL};2023-01-20 10:21:20.000 +0100;"";;"";;2;3;18.922;0.2;
514679;2023-01-20 10:36:29.000 +0100;;{18.922,0.2,NULL};2023-01-20 10:36:29.000 +0100;"";;"";;2;3;18.922;0.2;
514688;2023-01-20 10:51:36.000 +0100;;{18.982,0.2,NULL};2023-01-20 10:51:36.000 +0100;"";;"";;2;3;18.982;0.2;
514697;2023-01-20 11:06:44.000 +0100;;{18.982,0.2,100.0};2023-01-20 11:06:44.000 +0100;"";;"";;2;3;18.982;0.2;100.0
514707;2023-01-20 11:21:53.000 +0100;;{19.041,0.2,NULL};2023-01-20 11:21:53.000 +0100;"";;"";;2;3;19.041;0.2;
514717;2023-01-20 11:37:02.000 +0100;;{19.041,0.2,NULL};2023-01-20 11:37:02.000 +0100;"";;"";;2;3;19.041;0.2;
514727;2023-01-20 11:52:09.000 +0100;;{19.101,0.2,NULL};2023-01-20 11:52:09.000 +0100;"";;"";;2;3;19.101;0.2;
514736;2023-01-20 12:07:17.000 +0100;;{19.101,0.2,NULL};2023-01-20 12:07:17.000 +0100;"";;"";;2;3;19.101;0.2;
514745;2023-01-20 12:22:25.000 +0100;;{19.161,0.2,NULL};2023-01-20 12:22:25.000 +0100;"";;"";;2;3;19.161;0.2;
514754;2023-01-20 12:37:34.000 +0100;;{19.161,0.2,NULL};2023-01-20 12:37:34.000 +0100;"";;"";;2;3;19.161;0.2;
514764;2023-01-20 12:52:43.000 +0100;;{19.221,0.2,NULL};2023-01-20 12:52:43.000 +0100;"";;"";;2;3;19.221;0.2;
514773;2023-01-20 13:07:50.000 +0100;;{19.281,0.2,NULL};2023-01-20 13:07:50.000 +0100;"";;"";;2;3;19.281;0.2;
514783;2023-01-20 13:22:59.000 +0100;;{19.281,0.2,NULL};2023-01-20 13:22:59.000 +0100;"";;"";;2;3;19.281;0.2;
514792;2023-01-20 13:38:07.000 +0100;;{19.401,0.2,100.0};2023-01-20 13:38:07.000 +0100;"";;"";;2;3;19.401;0.2;100.0
514801;2023-01-20 13:53:15.000 +0100;;{19.461,0.2,NULL};2023-01-20 13:53:15.000 +0100;"";;"";;2;3;19.461;0.2;
514811;2023-01-20 14:08:24.000 +0100;;{19.58,0.2,NULL};2023-01-20 14:08:24.000 +0100;"";;"";;2;3;19.58;0.2;
514820;2023-01-20 14:23:31.000 +0100;;{19.76,0.2,NULL};2023-01-20 14:23:31.000 +0100;"";;"";;2;3;19.76;0.2;
514830;2023-01-20 14:38:40.000 +0100;;{19.88,0.2,NULL};2023-01-20 14:38:40.000 +0100;"";;"";;2;3;19.88;0.2;
514839;2023-01-20 14:54:03.000 +0100;;{20.0,0.2,NULL};2023-01-20 14:54:03.000 +0100;"";;"";;2;3;20.0;0.2;
514840;2023-01-20 14:54:16.000 +0100;;{20.0,0.2,NULL};2023-01-20 14:54:16.000 +0100;"";;"";;2;3;20.0;0.2;
514850;2023-01-20 15:09:24.000 +0100;;{20.419,0.2,NULL};2023-01-20 15:09:24.000 +0100;"";;"";;2;3;20.419;0.2;
514859;2023-01-20 15:24:32.000 +0100;;{21.257,0.2,NULL};2023-01-20 15:24:32.000 +0100;"";;"";;2;3;21.257;0.2;
514868;2023-01-20 15:39:41.000 +0100;;{21.976,0.2,100.0};2023-01-20 15:39:41.000 +0100;"";;"";;2;3;21.976;0.2;100.0
514869;2023-01-20 15:39:54.000 +0100;;{21.976,0.2,100.0};2023-01-20 15:39:54.000 +0100;"";;"";;2;3;21.976;0.2;100.0
514879;2023-01-20 15:55:03.000 +0100;;{23.353,0.2,NULL};2023-01-20 15:55:03.000 +0100;"";;"";;2;3;23.353;0.2;
514888;2023-01-20 16:10:11.000 +0100;;{26.946,0.2,NULL};2023-01-20 16:10:11.000 +0100;"";;"";;2;3;26.946;0.2;
514897;2023-01-20 16:25:19.000 +0100;;{24.371,0.2,NULL};2023-01-20 16:25:19.000 +0100;"";;"";;2;3;24.371;0.2;
514906;2023-01-20 16:40:28.000 +0100;;{23.173,0.2,NULL};2023-01-20 16:40:28.000 +0100;"";;"";;2;3;23.173;0.2;
514916;2023-01-20 16:55:36.000 +0100;;{22.455,0.2,NULL};2023-01-20 16:55:36.000 +0100;"";;"";;2;3;22.455;0.2;
514926;2023-01-20 17:10:58.000 +0100;;{21.976,0.2,NULL};2023-01-20 17:10:58.000 +0100;"";;"";;2;3;21.976;0.2;
514935;2023-01-20 17:26:07.000 +0100;;{21.616,0.2,NULL};2023-01-20 17:26:07.000 +0100;"";;"";;2;3;21.616;0.2;
514945;2023-01-20 17:41:15.000 +0100;;{21.257,0.2,100.0};2023-01-20 17:41:15.000 +0100;"";;"";;2;3;21.257;0.2;100.0
514955;2023-01-20 17:56:23.000 +0100;;{21.077,0.2,NULL};2023-01-20 17:56:23.000 +0100;"";;"";;2;3;21.077;0.2;
514964;2023-01-20 18:11:31.000 +0100;;{20.898,0.2,NULL};2023-01-20 18:11:31.000 +0100;"";;"";;2;3;20.898;0.2;
514974;2023-01-20 18:26:40.000 +0100;;{20.718,0.2,NULL};2023-01-20 18:26:40.000 +0100;"";;"";;2;3;20.718;0.2;
514983;2023-01-20 18:41:48.000 +0100;;{20.538,0.2,NULL};2023-01-20 18:41:48.000 +0100;"";;"";;2;3;20.538;0.2;
514993;2023-01-20 18:57:16.000 +0100;;{20.419,0.2,NULL};2023-01-20 18:57:16.000 +0100;"";;"";;2;3;20.419;0.2;
515002;2023-01-20 19:12:24.000 +0100;;{20.359,0.2,NULL};2023-01-20 19:12:24.000 +0100;"";;"";;2;3;20.359;0.2;
515012;2023-01-20 19:27:32.000 +0100;;{20.239,0.2,NULL};2023-01-20 19:27:32.000 +0100;"";;"";;2;3;20.239;0.2;
515021;2023-01-20 19:42:41.000 +0100;;{20.119,0.2,NULL};2023-01-20 19:42:41.000 +0100;"";;"";;2;3;20.119;0.2;
515030;2023-01-20 19:57:49.000 +0100;;{20.119,0.2,100.0};2023-01-20 19:57:49.000 +0100;"";;"";;2;3;20.119;0.2;100.0
515039;2023-01-20 20:12:58.000 +0100;;{20.0,0.2,NULL};2023-01-20 20:12:58.000 +0100;"";;"";;2;3;20.0;0.2;
515048;2023-01-20 20:28:06.000 +0100;;{19.94,0.2,NULL};2023-01-20 20:28:06.000 +0100;"";;"";;2;3;19.94;0.2;
515057;2023-01-20 20:43:33.000 +0100;;{19.88,0.2,NULL};2023-01-20 20:43:33.000 +0100;"";;"";;2;3;19.88;0.2;
515067;2023-01-20 20:58:41.000 +0100;;{19.76,0.2,NULL};2023-01-20 20:58:41.000 +0100;"";;"";;2;3;19.76;0.2;
515076;2023-01-20 21:13:49.000 +0100;;{19.76,0.2,NULL};2023-01-20 21:13:49.000 +0100;"";;"";;2;3;19.76;0.2;
515085;2023-01-20 21:28:57.000 +0100;;{19.76,0.2,NULL};2023-01-20 21:28:57.000 +0100;"";;"";;2;3;19.76;0.2;
515094;2023-01-20 21:44:06.000 +0100;;{19.64,0.2,NULL};2023-01-20 21:44:06.000 +0100;"";;"";;2;3;19.64;0.2;
515095;2023-01-20 21:44:21.000 +0100;;{19.64,0.2,NULL};2023-01-20 21:44:21.000 +0100;"";;"";;2;3;19.64;0.2;
515104;2023-01-20 21:59:28.000 +0100;;{19.58,0.2,100.0};2023-01-20 21:59:28.000 +0100;"";;"";;2;3;19.58;0.2;100.0
515113;2023-01-20 22:14:36.000 +0100;;{19.58,0.2,NULL};2023-01-20 22:14:36.000 +0100;"";;"";;2;3;19.58;0.2;
515123;2023-01-20 22:29:45.000 +0100;;{19.58,0.2,NULL};2023-01-20 22:29:45.000 +0100;"";;"";;2;3;19.58;0.2;
515132;2023-01-20 22:44:53.000 +0100;;{19.461,0.2,NULL};2023-01-20 22:44:53.000 +0100;"";;"";;2;3;19.461;0.2;
515141;2023-01-20 23:00:01.000 +0100;;{19.52,0.2,NULL};2023-01-20 23:00:01.000 +0100;"";;"";;2;3;19.52;0.2;
515151;2023-01-20 23:15:09.000 +0100;;{19.461,0.2,NULL};2023-01-20 23:15:09.000 +0100;"";;"";;2;3;19.461;0.2;
515160;2023-01-20 23:30:17.000 +0100;;{19.401,0.2,NULL};2023-01-20 23:30:17.000 +0100;"";;"";;2;3;19.401;0.2;
515170;2023-01-20 23:45:26.000 +0100;;{19.341,0.2,NULL};2023-01-20 23:45:26.000 +0100;"";;"";;2;3;19.341;0.2;
515179;2023-01-21 00:00:34.000 +0100;;{19.341,0.2,NULL};2023-01-21 00:00:34.000 +0100;"";;"";;2;3;19.341;0.2;
515188;2023-01-21 00:15:42.000 +0100;;{19.281,0.2,NULL};2023-01-21 00:15:42.000 +0100;"";;"";;2;3;19.281;0.2;
515197;2023-01-21 00:30:50.000 +0100;;{19.281,0.2,100.0};2023-01-21 00:30:50.000 +0100;"";;"";;2;3;19.281;0.2;100.0
515206;2023-01-21 00:45:59.000 +0100;;{19.281,0.2,NULL};2023-01-21 00:45:59.000 +0100;"";;"";;2;3;19.281;0.2;
515216;2023-01-21 01:01:07.000 +0100;;{19.281,0.15,NULL};2023-01-21 01:01:07.000 +0100;"";;"";;2;3;19.281;0.15;
515227;2023-01-21 01:16:30.000 +0100;;{19.281,0.2,NULL};2023-01-21 01:16:30.000 +0100;"";;"";;2;3;19.281;0.2;
515236;2023-01-21 01:31:39.000 +0100;;{19.221,0.2,NULL};2023-01-21 01:31:39.000 +0100;"";;"";;2;3;19.221;0.2;
515245;2023-01-21 01:46:47.000 +0100;;{19.281,0.2,NULL};2023-01-21 01:46:47.000 +0100;"";;"";;2;3;19.281;0.2;
515254;2023-01-21 02:02:08.000 +0100;;{19.221,0.2,NULL};2023-01-21 02:02:08.000 +0100;"";;"";;2;3;19.221;0.2;
515264;2023-01-21 02:17:16.000 +0100;;{19.221,0.2,NULL};2023-01-21 02:17:16.000 +0100;"";;"";;2;3;19.221;0.2;
515273;2023-01-21 02:32:24.000 +0100;;{19.161,0.2,100.0};2023-01-21 02:32:24.000 +0100;"";;"";;2;3;19.161;0.2;100.0
515282;2023-01-21 02:47:45.000 +0100;;{19.221,0.2,NULL};2023-01-21 02:47:45.000 +0100;"";;"";;2;3;19.221;0.2;
515284;2023-01-21 02:48:02.000 +0100;;{19.221,0.2,NULL};2023-01-21 02:48:02.000 +0100;"";;"";;2;3;19.221;0.2;
515292;2023-01-21 03:03:12.000 +0100;;{19.161,0.2,NULL};2023-01-21 03:03:12.000 +0100;"";;"";;2;3;19.161;0.2;
515301;2023-01-21 03:18:19.000 +0100;;{19.161,0.2,NULL};2023-01-21 03:18:19.000 +0100;"";;"";;2;3;19.161;0.2;
515310;2023-01-21 03:33:28.000 +0100;;{19.101,0.2,NULL};2023-01-21 03:33:28.000 +0100;"";;"";;2;3;19.101;0.2;
515319;2023-01-21 03:48:36.000 +0100;;{19.101,0.2,NULL};2023-01-21 03:48:36.000 +0100;"";;"";;2;3;19.101;0.2;
515329;2023-01-21 04:03:44.000 +0100;;{19.041,0.2,NULL};2023-01-21 04:03:44.000 +0100;"";;"";;2;3;19.041;0.2;
515339;2023-01-21 04:18:53.000 +0100;;{19.041,0.2,NULL};2023-01-21 04:18:53.000 +0100;"";;"";;2;3;19.041;0.2;
515349;2023-01-21 04:34:01.000 +0100;;{19.041,0.2,100.0};2023-01-21 04:34:01.000 +0100;"";;"";;2;3;19.041;0.2;100.0
515359;2023-01-21 04:49:09.000 +0100;;{19.041,0.2,NULL};2023-01-21 04:49:09.000 +0100;"";;"";;2;3;19.041;0.2;
515368;2023-01-21 05:04:17.000 +0100;;{19.041,0.2,NULL};2023-01-21 05:04:17.000 +0100;"";;"";;2;3;19.041;0.2;
515377;2023-01-21 05:19:25.000 +0100;;{18.982,0.2,NULL};2023-01-21 05:19:25.000 +0100;"";;"";;2;3;18.982;0.2;
515386;2023-01-21 05:34:34.000 +0100;;{18.982,0.2,NULL};2023-01-21 05:34:34.000 +0100;"";;"";;2;3;18.982;0.2;
515395;2023-01-21 05:49:42.000 +0100;;{18.922,0.2,NULL};2023-01-21 05:49:42.000 +0100;"";;"";;2;3;18.922;0.2;
515404;2023-01-21 06:04:50.000 +0100;;{18.922,0.2,NULL};2023-01-21 06:04:50.000 +0100;"";;"";;2;3;18.922;0.2;
515413;2023-01-21 06:19:59.000 +0100;;{18.922,0.2,NULL};2023-01-21 06:19:59.000 +0100;"";;"";;2;3;18.922;0.2;
515422;2023-01-21 06:35:24.000 +0100;;{18.922,0.2,NULL};2023-01-21 06:35:24.000 +0100;"";;"";;2;3;18.922;0.2;
515431;2023-01-21 06:50:32.000 +0100;;{18.922,0.2,100.0};2023-01-21 06:50:32.000 +0100;"";;"";;2;3;18.922;0.2;100.0
515440;2023-01-21 07:05:41.000 +0100;;{18.922,0.2,NULL};2023-01-21 07:05:41.000 +0100;"";;"";;2;3;18.922;0.2;
515449;2023-01-21 07:21:04.000 +0100;;{18.862,0.2,NULL};2023-01-21 07:21:04.000 +0100;"";;"";;2;3;18.862;0.2;
515459;2023-01-21 07:36:12.000 +0100;;{18.862,0.2,NULL};2023-01-21 07:36:12.000 +0100;"";;"";;2;3;18.862;0.2;
515468;2023-01-21 07:51:21.000 +0100;;{18.862,0.2,NULL};2023-01-21 07:51:21.000 +0100;"";;"";;2;3;18.862;0.2;
515477;2023-01-21 08:06:43.000 +0100;;{18.862,0.2,NULL};2023-01-21 08:06:43.000 +0100;"";;"";;2;3;18.862;0.2;
515486;2023-01-21 08:21:53.000 +0100;;{18.802,0.2,NULL};2023-01-21 08:21:53.000 +0100;"";;"";;2;3;18.802;0.2;
515496;2023-01-21 08:37:01.000 +0100;;{18.802,0.2,NULL};2023-01-21 08:37:01.000 +0100;"";;"";;2;3;18.802;0.2;
515505;2023-01-21 08:52:08.000 +0100;;{18.802,0.2,100.0};2023-01-21 08:52:08.000 +0100;"";;"";;2;3;18.802;0.2;100.0
515514;2023-01-21 09:07:16.000 +0100;;{18.802,0.2,NULL};2023-01-21 09:07:16.000 +0100;"";;"";;2;3;18.802;0.2;
515523;2023-01-21 09:22:25.000 +0100;;{18.802,0.2,NULL};2023-01-21 09:22:25.000 +0100;"";;"";;2;3;18.802;0.2;
515524;2023-01-21 09:22:43.000 +0100;;{18.802,0.2,NULL};2023-01-21 09:22:43.000 +0100;"";;"";;2;3;18.802;0.2;
515533;2023-01-21 09:38:12.000 +0100;;{18.862,0.2,NULL};2023-01-21 09:38:12.000 +0100;"";;"";;2;3;18.862;0.2;
515543;2023-01-21 09:53:19.000 +0100;;{18.862,0.2,NULL};2023-01-21 09:53:19.000 +0100;"";;"";;2;3;18.862;0.2;
515553;2023-01-21 10:08:27.000 +0100;;{18.922,0.2,NULL};2023-01-21 10:08:27.000 +0100;"";;"";;2;3;18.922;0.2;
515562;2023-01-21 10:23:52.000 +0100;;{18.922,0.2,NULL};2023-01-21 10:23:52.000 +0100;"";;"";;2;3;18.922;0.2;
515572;2023-01-21 10:39:01.000 +0100;;{18.922,0.2,100.0};2023-01-21 10:39:01.000 +0100;"";;"";;2;3;18.922;0.2;100.0
515573;2023-01-21 10:39:20.000 +0100;;{18.922,0.2,100.0};2023-01-21 10:39:20.000 +0100;"";;"";;2;3;18.922;0.2;100.0
515583;2023-01-21 10:54:28.000 +0100;;{18.922,0.2,NULL};2023-01-21 10:54:28.000 +0100;"";;"";;2;3;18.922;0.2;
515592;2023-01-21 11:09:37.000 +0100;;{18.922,0.2,NULL};2023-01-21 11:09:37.000 +0100;"";;"";;2;3;18.922;0.2;
515593;2023-01-21 11:09:48.000 +0100;;{18.922,0.2,NULL};2023-01-21 11:09:48.000 +0100;"";;"";;2;3;18.922;0.2;
515602;2023-01-21 11:24:55.000 +0100;;{18.982,0.2,NULL};2023-01-21 11:24:55.000 +0100;"";;"";;2;3;18.982;0.2;
515612;2023-01-21 11:40:03.000 +0100;;{19.101,0.25,NULL};2023-01-21 11:40:03.000 +0100;"";;"";;2;3;19.101;0.25;
515623;2023-01-21 11:55:12.000 +0100;;{19.101,0.2,NULL};2023-01-21 11:55:12.000 +0100;"";;"";;2;3;19.101;0.2;
515633;2023-01-21 12:10:21.000 +0100;;{19.281,0.2,NULL};2023-01-21 12:10:21.000 +0100;"";;"";;2;3;19.281;0.2;
515634;2023-01-21 12:10:31.000 +0100;;{19.281,0.2,NULL};2023-01-21 12:10:31.000 +0100;"";;"";;2;3;19.281;0.2;
515643;2023-01-21 12:25:40.000 +0100;;{19.58,0.15,100.0};2023-01-21 12:25:40.000 +0100;"";;"";;2;3;19.58;0.15;100.0
515652;2023-01-21 12:40:48.000 +0100;;{19.88,0.2,NULL};2023-01-21 12:40:48.000 +0100;"";;"";;2;3;19.88;0.2;
515653;2023-01-21 12:41:08.000 +0100;;{19.88,0.2,NULL};2023-01-21 12:41:08.000 +0100;"";;"";;2;3;19.88;0.2;
515663;2023-01-21 12:56:16.000 +0100;;{20.239,0.25,NULL};2023-01-21 12:56:16.000 +0100;"";;"";;2;3;20.239;0.25;
515672;2023-01-21 13:11:24.000 +0100;;{20.658,0.2,NULL};2023-01-21 13:11:24.000 +0100;"";;"";;2;3;20.658;0.2;
515682;2023-01-21 13:26:32.000 +0100;;{21.137,0.2,NULL};2023-01-21 13:26:32.000 +0100;"";;"";;2;3;21.137;0.2;
515691;2023-01-21 13:41:41.000 +0100;;{21.556,0.2,NULL};2023-01-21 13:41:41.000 +0100;"";;"";;2;3;21.556;0.2;
515700;2023-01-21 13:56:49.000 +0100;;{22.035,0.2,NULL};2023-01-21 13:56:49.000 +0100;"";;"";;2;3;22.035;0.2;
515709;2023-01-21 14:11:57.000 +0100;;{22.574,0.2,NULL};2023-01-21 14:11:57.000 +0100;"";;"";;2;3;22.574;0.2;
515719;2023-01-21 14:27:05.000 +0100;;{22.994,0.2,NULL};2023-01-21 14:27:05.000 +0100;"";;"";;2;3;22.994;0.2;
515728;2023-01-21 14:42:13.000 +0100;;{23.413,0.2,100.0};2023-01-21 14:42:13.000 +0100;"";;"";;2;3;23.413;0.2;100.0
515738;2023-01-21 14:57:22.000 +0100;;{23.832,0.2,NULL};2023-01-21 14:57:22.000 +0100;"";;"";;2;3;23.832;0.2;
515750;2023-01-21 15:12:46.000 +0100;;{24.251,0.2,NULL};2023-01-21 15:12:46.000 +0100;"";;"";;2;3;24.251;0.2;
515760;2023-01-21 15:27:54.000 +0100;;{24.91,0.2,NULL};2023-01-21 15:27:54.000 +0100;"";;"";;2;3;24.91;0.2;
515769;2023-01-21 15:43:02.000 +0100;;{25.988,0.2,NULL};2023-01-21 15:43:02.000 +0100;"";;"";;2;3;25.988;0.2;
515778;2023-01-21 15:58:28.000 +0100;;{29.341,0.2,NULL};2023-01-21 15:58:28.000 +0100;"";;"";;2;3;29.341;0.2;
515787;2023-01-21 16:13:36.000 +0100;;{30.479,0.2,NULL};2023-01-21 16:13:36.000 +0100;"";;"";;2;3;30.479;0.2;
515798;2023-01-21 16:28:44.000 +0100;;{27.425,0.2,NULL};2023-01-21 16:28:44.000 +0100;"";;"";;2;3;27.425;0.2;
515809;2023-01-21 16:44:11.000 +0100;;{26.047,0.2,100.0};2023-01-21 16:44:11.000 +0100;"";;"";;2;3;26.047;0.2;100.0
515819;2023-01-21 16:59:19.000 +0100;;{25.029,0.2,NULL};2023-01-21 16:59:19.000 +0100;"";;"";;2;3;25.029;0.2;
515829;2023-01-21 17:14:27.000 +0100;;{24.311,0.2,NULL};2023-01-21 17:14:27.000 +0100;"";;"";;2;3;24.311;0.2;
515838;2023-01-21 17:29:36.000 +0100;;{23.712,0.2,NULL};2023-01-21 17:29:36.000 +0100;"";;"";;2;3;23.712;0.2;
515847;2023-01-21 17:44:44.000 +0100;;{23.233,0.2,NULL};2023-01-21 17:44:44.000 +0100;"";;"";;2;3;23.233;0.2;
515856;2023-01-21 17:59:52.000 +0100;;{22.994,0.2,NULL};2023-01-21 17:59:52.000 +0100;"";;"";;2;3;22.994;0.2;
515867;2023-01-21 18:15:01.000 +0100;;{22.634,0.2,NULL};2023-01-21 18:15:01.000 +0100;"";;"";;2;3;22.634;0.2;
515877;2023-01-21 18:30:23.000 +0100;;{22.395,0.2,NULL};2023-01-21 18:30:23.000 +0100;"";;"";;2;3;22.395;0.2;
515888;2023-01-21 18:45:31.000 +0100;;{22.155,0.2,100.0};2023-01-21 18:45:31.000 +0100;"";;"";;2;3;22.155;0.2;100.0
515890;2023-01-21 18:45:49.000 +0100;;{22.155,0.2,100.0};2023-01-21 18:45:49.000 +0100;"";;"";;2;3;22.155;0.2;100.0
515899;2023-01-21 19:01:09.000 +0100;;{21.976,0.2,NULL};2023-01-21 19:01:09.000 +0100;"";;"";;2;3;21.976;0.2;
515908;2023-01-21 19:16:17.000 +0100;;{21.736,0.2,NULL};2023-01-21 19:16:17.000 +0100;"";;"";;2;3;21.736;0.2;
515917;2023-01-21 19:31:26.000 +0100;;{21.556,0.2,NULL};2023-01-21 19:31:26.000 +0100;"";;"";;2;3;21.556;0.2;
515926;2023-01-21 19:46:34.000 +0100;;{21.377,0.2,NULL};2023-01-21 19:46:34.000 +0100;"";;"";;2;3;21.377;0.2;
515936;2023-01-21 20:01:42.000 +0100;;{21.137,0.2,NULL};2023-01-21 20:01:42.000 +0100;"";;"";;2;3;21.137;0.2;
515945;2023-01-21 20:16:50.000 +0100;;{21.137,0.2,NULL};2023-01-21 20:16:50.000 +0100;"";;"";;2;3;21.137;0.2;
515955;2023-01-21 20:31:59.000 +0100;;{21.017,0.2,NULL};2023-01-21 20:31:59.000 +0100;"";;"";;2;3;21.017;0.2;
515966;2023-01-21 20:47:07.000 +0100;;{20.838,0.2,100.0};2023-01-21 20:47:07.000 +0100;"";;"";;2;3;20.838;0.2;100.0
515976;2023-01-21 21:02:28.000 +0100;;{20.778,0.2,NULL};2023-01-21 21:02:28.000 +0100;"";;"";;2;3;20.778;0.2;
515985;2023-01-21 21:17:36.000 +0100;;{20.658,0.2,NULL};2023-01-21 21:17:36.000 +0100;"";;"";;2;3;20.658;0.2;
515994;2023-01-21 21:32:44.000 +0100;;{20.598,0.2,NULL};2023-01-21 21:32:44.000 +0100;"";;"";;2;3;20.598;0.2;
516003;2023-01-21 21:47:52.000 +0100;;{20.479,0.2,NULL};2023-01-21 21:47:52.000 +0100;"";;"";;2;3;20.479;0.2;
516013;2023-01-21 22:03:00.000 +0100;;{20.359,0.2,NULL};2023-01-21 22:03:00.000 +0100;"";;"";;2;3;20.359;0.2;
516022;2023-01-21 22:18:09.000 +0100;;{20.359,0.2,NULL};2023-01-21 22:18:09.000 +0100;"";;"";;2;3;20.359;0.2;
516031;2023-01-21 22:33:33.000 +0100;;{20.299,0.2,NULL};2023-01-21 22:33:33.000 +0100;"";;"";;2;3;20.299;0.2;
516040;2023-01-21 22:48:41.000 +0100;;{20.239,0.2,100.0};2023-01-21 22:48:41.000 +0100;"";;"";;2;3;20.239;0.2;100.0
516050;2023-01-21 23:03:50.000 +0100;;{20.119,0.2,NULL};2023-01-21 23:03:50.000 +0100;"";;"";;2;3;20.119;0.2;
516060;2023-01-21 23:18:58.000 +0100;;{20.059,0.2,NULL};2023-01-21 23:18:58.000 +0100;"";;"";;2;3;20.059;0.2;
516069;2023-01-21 23:34:06.000 +0100;;{20.119,0.2,NULL};2023-01-21 23:34:06.000 +0100;"";;"";;2;3;20.119;0.2;
516078;2023-01-21 23:49:14.000 +0100;;{19.94,0.2,NULL};2023-01-21 23:49:14.000 +0100;"";;"";;2;3;19.94;0.2;
516087;2023-01-22 00:04:22.000 +0100;;{19.94,0.2,NULL};2023-01-22 00:04:22.000 +0100;"";;"";;2;3;19.94;0.2;
516096;2023-01-22 00:19:31.000 +0100;;{19.88,0.2,NULL};2023-01-22 00:19:31.000 +0100;"";;"";;2;3;19.88;0.2;
516105;2023-01-22 00:34:39.000 +0100;;{19.82,0.2,NULL};2023-01-22 00:34:39.000 +0100;"";;"";;2;3;19.82;0.2;
516114;2023-01-22 00:49:48.000 +0100;;{19.82,0.2,NULL};2023-01-22 00:49:48.000 +0100;"";;"";;2;3;19.82;0.2;
516125;2023-01-22 01:04:55.000 +0100;;{19.76,0.2,NULL};2023-01-22 01:04:55.000 +0100;"";;"";;2;3;19.76;0.2;
516134;2023-01-22 01:20:04.000 +0100;;{19.76,0.15,100.0};2023-01-22 01:20:04.000 +0100;"";;"";;2;3;19.76;0.15;100.0
516143;2023-01-22 01:35:12.000 +0100;;{19.7,0.2,NULL};2023-01-22 01:35:12.000 +0100;"";;"";;2;3;19.7;0.2;
516152;2023-01-22 01:50:20.000 +0100;;{19.64,0.2,NULL};2023-01-22 01:50:20.000 +0100;"";;"";;2;3;19.64;0.2;
516161;2023-01-22 02:05:28.000 +0100;;{19.58,0.2,NULL};2023-01-22 02:05:28.000 +0100;"";;"";;2;3;19.58;0.2;
516170;2023-01-22 02:20:36.000 +0100;;{19.58,0.2,NULL};2023-01-22 02:20:36.000 +0100;"";;"";;2;3;19.58;0.2;
516180;2023-01-22 02:35:45.000 +0100;;{19.58,0.2,NULL};2023-01-22 02:35:45.000 +0100;"";;"";;2;3;19.58;0.2;
516189;2023-01-22 02:50:54.000 +0100;;{19.52,0.2,NULL};2023-01-22 02:50:54.000 +0100;"";;"";;2;3;19.52;0.2;
516200;2023-01-22 03:06:02.000 +0100;;{19.52,0.2,NULL};2023-01-22 03:06:02.000 +0100;"";;"";;2;3;19.52;0.2;
516209;2023-01-22 03:21:22.000 +0100;;{19.461,0.2,NULL};2023-01-22 03:21:22.000 +0100;"";;"";;2;3;19.461;0.2;
516218;2023-01-22 03:36:30.000 +0100;;{19.461,0.2,100.0};2023-01-22 03:36:30.000 +0100;"";;"";;2;3;19.461;0.2;100.0
516227;2023-01-22 03:51:39.000 +0100;;{19.461,0.2,NULL};2023-01-22 03:51:39.000 +0100;"";;"";;2;3;19.461;0.2;
516237;2023-01-22 04:06:47.000 +0100;;{19.401,0.2,NULL};2023-01-22 04:06:47.000 +0100;"";;"";;2;3;19.401;0.2;
516246;2023-01-22 04:21:55.000 +0100;;{19.341,0.2,NULL};2023-01-22 04:21:55.000 +0100;"";;"";;2;3;19.341;0.2;
516256;2023-01-22 04:37:03.000 +0100;;{19.281,0.2,NULL};2023-01-22 04:37:03.000 +0100;"";;"";;2;3;19.281;0.2;
516265;2023-01-22 04:52:12.000 +0100;;{19.281,0.2,NULL};2023-01-22 04:52:12.000 +0100;"";;"";;2;3;19.281;0.2;
516274;2023-01-22 05:07:21.000 +0100;;{19.281,0.2,NULL};2023-01-22 05:07:21.000 +0100;"";;"";;2;3;19.281;0.2;
516283;2023-01-22 05:22:30.000 +0100;;{19.221,0.2,NULL};2023-01-22 05:22:30.000 +0100;"";;"";;2;3;19.221;0.2;
516292;2023-01-22 05:37:37.000 +0100;;{19.281,0.2,NULL};2023-01-22 05:37:37.000 +0100;"";;"";;2;3;19.281;0.2;
516302;2023-01-22 05:52:46.000 +0100;;{19.221,0.25,NULL};2023-01-22 05:52:46.000 +0100;"";;"";;2;3;19.221;0.25;
516312;2023-01-22 06:07:54.000 +0100;;{19.161,0.2,100.0};2023-01-22 06:07:54.000 +0100;"";;"";;2;3;19.161;0.2;100.0
516321;2023-01-22 06:23:01.000 +0100;;{19.101,0.2,NULL};2023-01-22 06:23:01.000 +0100;"";;"";;2;3;19.101;0.2;
516330;2023-01-22 06:38:10.000 +0100;;{19.161,0.2,NULL};2023-01-22 06:38:10.000 +0100;"";;"";;2;3;19.161;0.2;
516339;2023-01-22 06:53:19.000 +0100;;{19.101,0.2,NULL};2023-01-22 06:53:19.000 +0100;"";;"";;2;3;19.101;0.2;
516348;2023-01-22 07:08:26.000 +0100;;{19.041,0.2,NULL};2023-01-22 07:08:26.000 +0100;"";;"";;2;3;19.041;0.2;
516357;2023-01-22 07:23:34.000 +0100;;{19.041,0.2,NULL};2023-01-22 07:23:34.000 +0100;"";;"";;2;3;19.041;0.2;
516367;2023-01-22 07:38:43.000 +0100;;{19.041,0.2,NULL};2023-01-22 07:38:43.000 +0100;"";;"";;2;3;19.041;0.2;
516368;2023-01-22 07:39:02.000 +0100;;{19.041,0.2,NULL};2023-01-22 07:39:02.000 +0100;"";;"";;2;3;19.041;0.2;
516378;2023-01-22 07:54:11.000 +0100;;{18.982,0.2,NULL};2023-01-22 07:54:11.000 +0100;"";;"";;2;3;18.982;0.2;
516387;2023-01-22 08:09:18.000 +0100;;{18.982,0.2,NULL};2023-01-22 08:09:18.000 +0100;"";;"";;2;3;18.982;0.2;
516398;2023-01-22 08:24:27.000 +0100;;{18.922,0.2,100.0};2023-01-22 08:24:27.000 +0100;"";;"";;2;3;18.922;0.2;100.0
516407;2023-01-22 08:39:35.000 +0100;;{18.922,0.2,NULL};2023-01-22 08:39:35.000 +0100;"";;"";;2;3;18.922;0.2;
516416;2023-01-22 08:54:59.000 +0100;;{18.922,0.2,NULL};2023-01-22 08:54:59.000 +0100;"";;"";;2;3;18.922;0.2;
516427;2023-01-22 09:10:08.000 +0100;;{18.922,0.2,NULL};2023-01-22 09:10:08.000 +0100;"";;"";;2;3;18.922;0.2;
516436;2023-01-22 09:25:16.000 +0100;;{18.922,0.2,NULL};2023-01-22 09:25:16.000 +0100;"";;"";;2;3;18.922;0.2;
516445;2023-01-22 09:40:24.000 +0100;;{18.922,0.2,NULL};2023-01-22 09:40:24.000 +0100;"";;"";;2;3;18.922;0.2;
516456;2023-01-22 09:55:33.000 +0100;;{18.982,0.2,NULL};2023-01-22 09:55:33.000 +0100;"";;"";;2;3;18.982;0.2;
516465;2023-01-22 10:10:40.000 +0100;;{18.982,0.2,NULL};2023-01-22 10:10:40.000 +0100;"";;"";;2;3;18.982;0.2;
516466;2023-01-22 10:10:54.000 +0100;;{18.982,0.2,NULL};2023-01-22 10:10:54.000 +0100;"";;"";;2;3;18.982;0.2;
516476;2023-01-22 10:26:17.000 +0100;;{18.982,0.2,100.0};2023-01-22 10:26:17.000 +0100;"";;"";;2;3;18.982;0.2;100.0
516485;2023-01-22 10:41:25.000 +0100;;{19.041,0.2,NULL};2023-01-22 10:41:25.000 +0100;"";;"";;2;3;19.041;0.2;
516496;2023-01-22 10:56:35.000 +0100;;{19.101,0.2,NULL};2023-01-22 10:56:35.000 +0100;"";;"";;2;3;19.101;0.2;
516504;2023-01-22 11:11:42.000 +0100;;{19.101,0.2,NULL};2023-01-22 11:11:42.000 +0100;"";;"";;2;3;19.101;0.2;
516513;2023-01-22 11:26:50.000 +0100;;{19.161,0.2,NULL};2023-01-22 11:26:50.000 +0100;"";;"";;2;3;19.161;0.2;
516522;2023-01-22 11:41:58.000 +0100;;{19.221,0.2,NULL};2023-01-22 11:41:58.000 +0100;"";;"";;2;3;19.221;0.2;
516531;2023-01-22 11:57:06.000 +0100;;{19.281,0.2,NULL};2023-01-22 11:57:06.000 +0100;"";;"";;2;3;19.281;0.2;
516539;2023-01-22 12:12:15.000 +0100;;{19.461,0.2,NULL};2023-01-22 12:12:15.000 +0100;"";;"";;2;3;19.461;0.2;
516549;2023-01-22 12:27:23.000 +0100;;{19.76,0.2,NULL};2023-01-22 12:27:23.000 +0100;"";;"";;2;3;19.76;0.2;
516558;2023-01-22 12:42:31.000 +0100;;{20.0,0.2,100.0};2023-01-22 12:42:31.000 +0100;"";;"";;2;3;20.0;0.2;100.0
516567;2023-01-22 12:57:40.000 +0100;;{20.419,0.2,NULL};2023-01-22 12:57:40.000 +0100;"";;"";;2;3;20.419;0.2;
516577;2023-01-22 13:13:07.000 +0100;;{20.598,0.2,NULL};2023-01-22 13:13:07.000 +0100;"";;"";;2;3;20.598;0.2;
516586;2023-01-22 13:28:15.000 +0100;;{20.898,0.15,NULL};2023-01-22 13:28:15.000 +0100;"";;"";;2;3;20.898;0.15;
516595;2023-01-22 13:43:23.000 +0100;;{21.257,0.2,NULL};2023-01-22 13:43:23.000 +0100;"";;"";;2;3;21.257;0.2;
516604;2023-01-22 13:58:31.000 +0100;;{21.676,0.2,NULL};2023-01-22 13:58:31.000 +0100;"";;"";;2;3;21.676;0.2;
516613;2023-01-22 14:13:40.000 +0100;;{22.155,0.2,NULL};2023-01-22 14:13:40.000 +0100;"";;"";;2;3;22.155;0.2;
516622;2023-01-22 14:28:49.000 +0100;;{22.634,0.2,NULL};2023-01-22 14:28:49.000 +0100;"";;"";;2;3;22.634;0.2;
516631;2023-01-22 14:43:57.000 +0100;;{22.874,0.2,NULL};2023-01-22 14:43:57.000 +0100;"";;"";;2;3;22.874;0.2;
516633;2023-01-22 14:44:07.000 +0100;;{22.874,0.2,NULL};2023-01-22 14:44:07.000 +0100;"";;"";;2;3;22.874;0.2;
516642;2023-01-22 14:59:15.000 +0100;;{23.113,0.2,NULL};2023-01-22 14:59:15.000 +0100;"";;"";;2;3;23.113;0.2;
516651;2023-01-22 15:14:23.000 +0100;;{23.413,0.2,NULL};2023-01-22 15:14:23.000 +0100;"";;"";;2;3;23.413;0.2;
516660;2023-01-22 15:29:31.000 +0100;;{23.832,0.2,NULL};2023-01-22 15:29:31.000 +0100;"";;"";;2;3;23.832;0.2;
516669;2023-01-22 15:44:40.000 +0100;;{24.73,0.2,NULL};2023-01-22 15:44:40.000 +0100;"";;"";;2;3;24.73;0.2;
516678;2023-01-22 15:59:48.000 +0100;;{25.029,0.2,NULL};2023-01-22 15:59:48.000 +0100;"";;"";;2;3;25.029;0.2;
516689;2023-01-22 16:14:56.000 +0100;;{24.73,0.2,NULL};2023-01-22 16:14:56.000 +0100;"";;"";;2;3;24.73;0.2;
516690;2023-01-22 16:15:09.000 +0100;;{24.73,0.2,NULL};2023-01-22 16:15:09.000 +0100;"";;"";;2;3;24.73;0.2;
516699;2023-01-22 16:30:36.000 +0100;;{23.952,0.2,NULL};2023-01-22 16:30:36.000 +0100;"";;"";;2;3;23.952;0.2;
516709;2023-01-22 16:45:44.000 +0100;;{23.353,0.2,100.0};2023-01-22 16:45:44.000 +0100;"";;"";;2;3;23.353;0.2;100.0
516718;2023-01-22 17:00:52.000 +0100;;{23.053,0.2,NULL};2023-01-22 17:00:52.000 +0100;"";;"";;2;3;23.053;0.2;
516728;2023-01-22 17:16:01.000 +0100;;{22.634,0.2,NULL};2023-01-22 17:16:01.000 +0100;"";;"";;2;3;22.634;0.2;
516738;2023-01-22 17:31:09.000 +0100;;{22.395,0.2,NULL};2023-01-22 17:31:09.000 +0100;"";;"";;2;3;22.395;0.2;
516749;2023-01-22 17:46:17.000 +0100;;{22.095,0.2,NULL};2023-01-22 17:46:17.000 +0100;"";;"";;2;3;22.095;0.2;
516759;2023-01-22 18:01:25.000 +0100;;{21.856,0.2,NULL};2023-01-22 18:01:25.000 +0100;"";;"";;2;3;21.856;0.2;
516768;2023-01-22 18:16:34.000 +0100;;{21.676,0.2,NULL};2023-01-22 18:16:34.000 +0100;"";;"";;2;3;21.676;0.2;
516778;2023-01-22 18:31:42.000 +0100;;{21.497,0.2,NULL};2023-01-22 18:31:42.000 +0100;"";;"";;2;3;21.497;0.2;
516787;2023-01-22 18:46:50.000 +0100;;{21.377,0.2,NULL};2023-01-22 18:46:50.000 +0100;"";;"";;2;3;21.377;0.2;
516796;2023-01-22 19:01:59.000 +0100;;{21.137,0.2,NULL};2023-01-22 19:01:59.000 +0100;"";;"";;2;3;21.137;0.2;
516805;2023-01-22 19:17:06.000 +0100;;{21.077,0.2,100.0};2023-01-22 19:17:06.000 +0100;"";;"";;2;3;21.077;0.2;100.0
516815;2023-01-22 19:32:15.000 +0100;;{20.958,0.2,NULL};2023-01-22 19:32:15.000 +0100;"";;"";;2;3;20.958;0.2;
516816;2023-01-22 19:32:30.000 +0100;;{20.958,0.2,NULL};2023-01-22 19:32:30.000 +0100;"";;"";;2;3;20.958;0.2;
516825;2023-01-22 19:47:39.000 +0100;;{20.778,0.2,NULL};2023-01-22 19:47:39.000 +0100;"";;"";;2;3;20.778;0.2;
516835;2023-01-22 20:03:01.000 +0100;;{20.718,0.2,NULL};2023-01-22 20:03:01.000 +0100;"";;"";;2;3;20.718;0.2;
516844;2023-01-22 20:18:10.000 +0100;;{20.598,0.2,NULL};2023-01-22 20:18:10.000 +0100;"";;"";;2;3;20.598;0.2;
516853;2023-01-22 20:33:18.000 +0100;;{20.538,0.2,NULL};2023-01-22 20:33:18.000 +0100;"";;"";;2;3;20.538;0.2;
516862;2023-01-22 20:48:26.000 +0100;;{20.419,0.2,NULL};2023-01-22 20:48:26.000 +0100;"";;"";;2;3;20.419;0.2;
516871;2023-01-22 21:03:34.000 +0100;;{20.359,0.2,NULL};2023-01-22 21:03:34.000 +0100;"";;"";;2;3;20.359;0.2;
516881;2023-01-22 21:18:42.000 +0100;;{20.299,0.2,100.0};2023-01-22 21:18:42.000 +0100;"";;"";;2;3;20.299;0.2;100.0
516890;2023-01-22 21:33:51.000 +0100;;{20.239,0.2,NULL};2023-01-22 21:33:51.000 +0100;"";;"";;2;3;20.239;0.2;
516899;2023-01-22 21:49:14.000 +0100;;{20.119,0.2,NULL};2023-01-22 21:49:14.000 +0100;"";;"";;2;3;20.119;0.2;
516908;2023-01-22 22:04:22.000 +0100;;{20.059,0.2,NULL};2023-01-22 22:04:22.000 +0100;"";;"";;2;3;20.059;0.2;
516917;2023-01-22 22:19:31.000 +0100;;{20.119,0.2,NULL};2023-01-22 22:19:31.000 +0100;"";;"";;2;3;20.119;0.2;
516927;2023-01-22 22:34:57.000 +0100;;{19.94,0.2,NULL};2023-01-22 22:34:57.000 +0100;"";;"";;2;3;19.94;0.2;
516936;2023-01-22 22:50:06.000 +0100;;{19.94,0.2,NULL};2023-01-22 22:50:06.000 +0100;"";;"";;2;3;19.94;0.2;
516946;2023-01-22 23:05:15.000 +0100;;{19.88,0.2,NULL};2023-01-22 23:05:15.000 +0100;"";;"";;2;3;19.88;0.2;
516955;2023-01-22 23:20:22.000 +0100;;{19.88,0.2,100.0};2023-01-22 23:20:22.000 +0100;"";;"";;2;3;19.88;0.2;100.0
516965;2023-01-22 23:35:30.000 +0100;;{19.82,0.2,NULL};2023-01-22 23:35:30.000 +0100;"";;"";;2;3;19.82;0.2;
516974;2023-01-22 23:50:39.000 +0100;;{19.76,0.15,NULL};2023-01-22 23:50:39.000 +0100;"";;"";;2;3;19.76;0.15;
516983;2023-01-23 00:05:48.000 +0100;;{19.76,0.2,NULL};2023-01-23 00:05:48.000 +0100;"";;"";;2;3;19.76;0.2;
516993;2023-01-23 00:20:55.000 +0100;;{19.64,0.2,NULL};2023-01-23 00:20:55.000 +0100;"";;"";;2;3;19.64;0.2;
517002;2023-01-23 00:36:03.000 +0100;;{19.64,0.2,NULL};2023-01-23 00:36:03.000 +0100;"";;"";;2;3;19.64;0.2;
517011;2023-01-23 00:51:12.000 +0100;;{19.58,0.2,NULL};2023-01-23 00:51:12.000 +0100;"";;"";;2;3;19.58;0.2;
517020;2023-01-23 01:06:20.000 +0100;;{19.58,0.2,NULL};2023-01-23 01:06:20.000 +0100;"";;"";;2;3;19.58;0.2;
517029;2023-01-23 01:21:46.000 +0100;;{19.52,0.2,NULL};2023-01-23 01:21:46.000 +0100;"";;"";;2;3;19.52;0.2;
517038;2023-01-23 01:36:55.000 +0100;;{19.52,0.15,100.0};2023-01-23 01:36:55.000 +0100;"";;"";;2;3;19.52;0.15;100.0
517039;2023-01-23 01:37:06.000 +0100;;{19.52,0.15,100.0};2023-01-23 01:37:06.000 +0100;"";;"";;2;3;19.52;0.15;100.0
517049;2023-01-23 01:52:26.000 +0100;;{19.461,0.2,NULL};2023-01-23 01:52:26.000 +0100;"";;"";;2;3;19.461;0.2;
517058;2023-01-23 02:07:34.000 +0100;;{19.461,0.2,NULL};2023-01-23 02:07:34.000 +0100;"";;"";;2;3;19.461;0.2;
517067;2023-01-23 02:22:42.000 +0100;;{19.461,0.2,NULL};2023-01-23 02:22:42.000 +0100;"";;"";;2;3;19.461;0.2;
517077;2023-01-23 02:37:50.000 +0100;;{19.401,0.2,NULL};2023-01-23 02:37:50.000 +0100;"";;"";;2;3;19.401;0.2;
517086;2023-01-23 02:52:59.000 +0100;;{19.461,0.2,NULL};2023-01-23 02:52:59.000 +0100;"";;"";;2;3;19.461;0.2;
517095;2023-01-23 03:08:07.000 +0100;;{19.461,0.2,NULL};2023-01-23 03:08:07.000 +0100;"";;"";;2;3;19.461;0.2;
517104;2023-01-23 03:23:16.000 +0100;;{19.341,0.2,NULL};2023-01-23 03:23:16.000 +0100;"";;"";;2;3;19.341;0.2;
517113;2023-01-23 03:38:23.000 +0100;;{19.341,0.2,100.0};2023-01-23 03:38:23.000 +0100;"";;"";;2;3;19.341;0.2;100.0
517122;2023-01-23 03:53:32.000 +0100;;{19.281,0.2,NULL};2023-01-23 03:53:32.000 +0100;"";;"";;2;3;19.281;0.2;
517131;2023-01-23 04:08:40.000 +0100;;{19.281,0.2,NULL};2023-01-23 04:08:40.000 +0100;"";;"";;2;3;19.281;0.2;
517140;2023-01-23 04:23:48.000 +0100;;{19.281,0.2,NULL};2023-01-23 04:23:48.000 +0100;"";;"";;2;3;19.281;0.2;
517150;2023-01-23 04:38:56.000 +0100;;{19.221,0.2,NULL};2023-01-23 04:38:56.000 +0100;"";;"";;2;3;19.221;0.2;
517159;2023-01-23 04:54:05.000 +0100;;{19.281,0.2,NULL};2023-01-23 04:54:05.000 +0100;"";;"";;2;3;19.281;0.2;
517168;2023-01-23 05:09:13.000 +0100;;{19.281,0.2,NULL};2023-01-23 05:09:13.000 +0100;"";;"";;2;3;19.281;0.2;
517178;2023-01-23 05:24:22.000 +0100;;{19.161,0.2,NULL};2023-01-23 05:24:22.000 +0100;"";;"";;2;3;19.161;0.2;
517187;2023-01-23 05:39:29.000 +0100;;{19.221,0.2,NULL};2023-01-23 05:39:29.000 +0100;"";;"";;2;3;19.221;0.2;
517196;2023-01-23 05:54:38.000 +0100;;{19.221,0.2,NULL};2023-01-23 05:54:38.000 +0100;"";;"";;2;3;19.221;0.2;
517207;2023-01-23 06:09:46.000 +0100;;{19.221,0.2,100.0};2023-01-23 06:09:46.000 +0100;"";;"";;2;3;19.221;0.2;100.0
517218;2023-01-23 06:24:54.000 +0100;;{19.221,0.2,NULL};2023-01-23 06:24:54.000 +0100;"";;"";;2;3;19.221;0.2;
517227;2023-01-23 06:40:15.000 +0100;;{19.161,0.2,NULL};2023-01-23 06:40:15.000 +0100;"";;"";;2;3;19.161;0.2;
517228;2023-01-23 06:40:26.000 +0100;;{19.161,0.2,NULL};2023-01-23 06:40:26.000 +0100;"";;"";;2;3;19.161;0.2;
517237;2023-01-23 06:55:33.000 +0100;;{19.221,0.2,NULL};2023-01-23 06:55:33.000 +0100;"";;"";;2;3;19.221;0.2;
517246;2023-01-23 07:10:40.000 +0100;;{19.101,0.2,NULL};2023-01-23 07:10:40.000 +0100;"";;"";;2;3;19.101;0.2;
517255;2023-01-23 07:25:49.000 +0100;;{19.161,0.2,NULL};2023-01-23 07:25:49.000 +0100;"";;"";;2;3;19.161;0.2;
517264;2023-01-23 07:40:57.000 +0100;;{19.101,0.2,NULL};2023-01-23 07:40:57.000 +0100;"";;"";;2;3;19.101;0.2;
517274;2023-01-23 07:56:05.000 +0100;;{19.101,0.2,NULL};2023-01-23 07:56:05.000 +0100;"";;"";;2;3;19.101;0.2;
517283;2023-01-23 08:11:13.000 +0100;;{19.101,0.2,100.0};2023-01-23 08:11:13.000 +0100;"";;"";;2;3;19.101;0.2;100.0
517292;2023-01-23 08:26:22.000 +0100;;{19.101,0.2,NULL};2023-01-23 08:26:22.000 +0100;"";;"";;2;3;19.101;0.2;
517301;2023-01-23 08:41:30.000 +0100;;{19.101,0.2,NULL};2023-01-23 08:41:30.000 +0100;"";;"";;2;3;19.101;0.2;
517311;2023-01-23 08:56:38.000 +0100;;{19.041,0.2,NULL};2023-01-23 08:56:38.000 +0100;"";;"";;2;3;19.041;0.2;
517320;2023-01-23 09:11:46.000 +0100;;{19.041,0.2,NULL};2023-01-23 09:11:46.000 +0100;"";;"";;2;3;19.041;0.2;
517329;2023-01-23 09:26:55.000 +0100;;{19.041,0.2,NULL};2023-01-23 09:26:55.000 +0100;"";;"";;2;3;19.041;0.2;
517338;2023-01-23 09:42:03.000 +0100;;{18.982,0.2,NULL};2023-01-23 09:42:03.000 +0100;"";;"";;2;3;18.982;0.2;
517347;2023-01-23 09:57:11.000 +0100;;{19.101,0.2,NULL};2023-01-23 09:57:11.000 +0100;"";;"";;2;3;19.101;0.2;
517358;2023-01-23 10:12:19.000 +0100;;{19.101,0.2,NULL};2023-01-23 10:12:19.000 +0100;"";;"";;2;3;19.101;0.2;
517367;2023-01-23 10:27:28.000 +0100;;{19.161,0.2,NULL};2023-01-23 10:27:28.000 +0100;"";;"";;2;3;19.161;0.2;
517376;2023-01-23 10:42:36.000 +0100;;{19.161,0.2,100.0};2023-01-23 10:42:36.000 +0100;"";;"";;2;3;19.161;0.2;100.0
517385;2023-01-23 10:57:45.000 +0100;;{19.281,0.2,NULL};2023-01-23 10:57:45.000 +0100;"";;"";;2;3;19.281;0.2;
517395;2023-01-23 11:12:52.000 +0100;;{19.281,0.2,NULL};2023-01-23 11:12:52.000 +0100;"";;"";;2;3;19.281;0.2;
517405;2023-01-23 11:28:00.000 +0100;;{19.281,0.2,NULL};2023-01-23 11:28:00.000 +0100;"";;"";;2;3;19.281;0.2;
517416;2023-01-23 11:43:09.000 +0100;;{19.341,0.2,NULL};2023-01-23 11:43:09.000 +0100;"";;"";;2;3;19.341;0.2;
517425;2023-01-23 11:58:17.000 +0100;;{19.461,0.2,NULL};2023-01-23 11:58:17.000 +0100;"";;"";;2;3;19.461;0.2;
517434;2023-01-23 12:13:40.000 +0100;;{19.64,0.2,NULL};2023-01-23 12:13:40.000 +0100;"";;"";;2;3;19.64;0.2;
517444;2023-01-23 12:28:48.000 +0100;;{19.94,0.2,NULL};2023-01-23 12:28:48.000 +0100;"";;"";;2;3;19.94;0.2;
517453;2023-01-23 12:43:57.000 +0100;;{20.179,0.2,NULL};2023-01-23 12:43:57.000 +0100;"";;"";;2;3;20.179;0.2;
517463;2023-01-23 12:59:24.000 +0100;;{20.598,0.2,100.0};2023-01-23 12:59:24.000 +0100;"";;"";;2;3;20.598;0.2;100.0
517472;2023-01-23 13:14:32.000 +0100;;{21.017,0.2,NULL};2023-01-23 13:14:32.000 +0100;"";;"";;2;3;21.017;0.2;
517481;2023-01-23 13:29:41.000 +0100;;{21.437,0.2,NULL};2023-01-23 13:29:41.000 +0100;"";;"";;2;3;21.437;0.2;
517490;2023-01-23 13:44:59.000 +0100;;{21.856,0.2,NULL};2023-01-23 13:44:59.000 +0100;"";;"";;2;3;21.856;0.2;
517500;2023-01-23 14:00:07.000 +0100;;{22.455,0.2,NULL};2023-01-23 14:00:07.000 +0100;"";;"";;2;3;22.455;0.2;
517510;2023-01-23 14:15:15.000 +0100;;{22.934,0.2,NULL};2023-01-23 14:15:15.000 +0100;"";;"";;2;3;22.934;0.2;
517520;2023-01-23 14:30:24.000 +0100;;{23.353,0.2,NULL};2023-01-23 14:30:24.000 +0100;"";;"";;2;3;23.353;0.2;
517531;2023-01-23 14:45:32.000 +0100;;{23.772,0.2,NULL};2023-01-23 14:45:32.000 +0100;"";;"";;2;3;23.772;0.2;
517542;2023-01-23 15:00:40.000 +0100;;{24.071,0.2,100.0};2023-01-23 15:00:40.000 +0100;"";;"";;2;3;24.071;0.2;100.0
517552;2023-01-23 15:15:48.000 +0100;;{24.431,0.2,NULL};2023-01-23 15:15:48.000 +0100;"";;"";;2;3;24.431;0.2;
517561;2023-01-23 15:31:16.000 +0100;;{24.85,0.2,NULL};2023-01-23 15:31:16.000 +0100;"";;"";;2;3;24.85;0.2;
517570;2023-01-23 15:46:24.000 +0100;;{25.508,0.2,NULL};2023-01-23 15:46:24.000 +0100;"";;"";;2;3;25.508;0.2;
517579;2023-01-23 16:01:34.000 +0100;;{27.125,0.2,NULL};2023-01-23 16:01:34.000 +0100;"";;"";;2;3;27.125;0.2;
517588;2023-01-23 16:16:51.000 +0100;;{26.407,0.2,NULL};2023-01-23 16:16:51.000 +0100;"";;"";;2;3;26.407;0.2;
517597;2023-01-23 16:32:00.000 +0100;;{25.329,0.2,NULL};2023-01-23 16:32:00.000 +0100;"";;"";;2;3;25.329;0.2;
517607;2023-01-23 16:47:08.000 +0100;;{24.67,0.2,NULL};2023-01-23 16:47:08.000 +0100;"";;"";;2;3;24.67;0.2;
517617;2023-01-23 17:02:16.000 +0100;;{24.071,0.2,100.0};2023-01-23 17:02:16.000 +0100;"";;"";;2;3;24.071;0.2;100.0
517626;2023-01-23 17:17:24.000 +0100;;{23.652,0.2,NULL};2023-01-23 17:17:24.000 +0100;"";;"";;2;3;23.652;0.2;
517635;2023-01-23 17:32:33.000 +0100;;{23.233,0.2,NULL};2023-01-23 17:32:33.000 +0100;"";;"";;2;3;23.233;0.2;
517645;2023-01-23 17:47:42.000 +0100;;{22.994,0.2,NULL};2023-01-23 17:47:42.000 +0100;"";;"";;2;3;22.994;0.2;
517654;2023-01-23 18:02:49.000 +0100;;{22.694,0.2,NULL};2023-01-23 18:02:49.000 +0100;"";;"";;2;3;22.694;0.2;
517663;2023-01-23 18:17:57.000 +0100;;{22.455,0.2,NULL};2023-01-23 18:17:57.000 +0100;"";;"";;2;3;22.455;0.2;
517672;2023-01-23 18:33:06.000 +0100;;{22.275,0.2,NULL};2023-01-23 18:33:06.000 +0100;"";;"";;2;3;22.275;0.2;
517681;2023-01-23 18:48:15.000 +0100;;{22.095,0.2,NULL};2023-01-23 18:48:15.000 +0100;"";;"";;2;3;22.095;0.2;
517690;2023-01-23 19:03:54.000 +0100;;{21.916,0.2,NULL};2023-01-23 19:03:54.000 +0100;"";;"";;2;3;21.916;0.2;
517699;2023-01-23 19:19:03.000 +0100;;{21.796,0.2,NULL};2023-01-23 19:19:03.000 +0100;"";;"";;2;3;21.796;0.2;
517708;2023-01-23 19:34:12.000 +0100;;{21.616,0.2,NULL};2023-01-23 19:34:12.000 +0100;"";;"";;2;3;21.616;0.2;
517717;2023-01-23 19:49:20.000 +0100;;{21.437,0.2,NULL};2023-01-23 19:49:20.000 +0100;"";;"";;2;3;21.437;0.2;
517728;2023-01-23 20:04:28.000 +0100;;{21.377,0.2,NULL};2023-01-23 20:04:28.000 +0100;"";;"";;2;3;21.377;0.2;
517737;2023-01-23 20:19:36.000 +0100;;{21.257,0.2,NULL};2023-01-23 20:19:36.000 +0100;"";;"";;2;3;21.257;0.2;
517748;2023-01-23 20:34:45.000 +0100;;{21.197,0.2,NULL};2023-01-23 20:34:45.000 +0100;"";;"";;2;3;21.197;0.2;
517757;2023-01-23 20:49:53.000 +0100;;{21.137,0.2,NULL};2023-01-23 20:49:53.000 +0100;"";;"";;2;3;21.137;0.2;
517758;2023-01-23 20:50:04.000 +0100;;{21.137,0.2,NULL};2023-01-23 20:50:04.000 +0100;"";;"";;2;3;21.137;0.2;
517767;2023-01-23 21:05:12.000 +0100;;{21.077,0.2,NULL};2023-01-23 21:05:12.000 +0100;"";;"";;2;3;21.077;0.2;
517776;2023-01-23 21:20:21.000 +0100;;{20.958,0.2,100.0};2023-01-23 21:20:21.000 +0100;"";;"";;2;3;20.958;0.2;100.0
517785;2023-01-23 21:35:29.000 +0100;;{20.958,0.2,NULL};2023-01-23 21:35:29.000 +0100;"";;"";;2;3;20.958;0.2;
517795;2023-01-23 21:50:38.000 +0100;;{20.838,0.2,NULL};2023-01-23 21:50:38.000 +0100;"";;"";;2;3;20.838;0.2;
517805;2023-01-23 22:05:45.000 +0100;;{20.778,0.2,NULL};2023-01-23 22:05:45.000 +0100;"";;"";;2;3;20.778;0.2;
517815;2023-01-23 22:20:54.000 +0100;;{20.778,0.2,NULL};2023-01-23 22:20:54.000 +0100;"";;"";;2;3;20.778;0.2;
517824;2023-01-23 22:36:20.000 +0100;;{20.718,0.2,NULL};2023-01-23 22:36:20.000 +0100;"";;"";;2;3;20.718;0.2;
517833;2023-01-23 22:51:28.000 +0100;;{20.598,0.2,NULL};2023-01-23 22:51:28.000 +0100;"";;"";;2;3;20.598;0.2;
517843;2023-01-23 23:06:36.000 +0100;;{20.598,0.2,NULL};2023-01-23 23:06:36.000 +0100;"";;"";;2;3;20.598;0.2;
517852;2023-01-23 23:22:02.000 +0100;;{20.538,0.2,NULL};2023-01-23 23:22:02.000 +0100;"";;"";;2;3;20.538;0.2;
517861;2023-01-23 23:37:10.000 +0100;;{20.479,0.2,NULL};2023-01-23 23:37:10.000 +0100;"";;"";;2;3;20.479;0.2;
517870;2023-01-23 23:52:19.000 +0100;;{20.419,0.2,NULL};2023-01-23 23:52:19.000 +0100;"";;"";;2;3;20.419;0.2;
517879;2023-01-24 00:07:45.000 +0100;;{20.419,0.2,NULL};2023-01-24 00:07:45.000 +0100;"";;"";;2;3;20.419;0.2;
517889;2023-01-24 00:22:55.000 +0100;;{20.479,0.2,NULL};2023-01-24 00:22:55.000 +0100;"";;"";;2;3;20.479;0.2;
517899;2023-01-24 00:38:02.000 +0100;;{20.359,0.2,NULL};2023-01-24 00:38:02.000 +0100;"";;"";;2;3;20.359;0.2;
517908;2023-01-24 00:53:29.000 +0100;;{20.359,0.2,NULL};2023-01-24 00:53:29.000 +0100;"";;"";;2;3;20.359;0.2;
517919;2023-01-24 01:08:38.000 +0100;;{20.299,0.2,NULL};2023-01-24 01:08:38.000 +0100;"";;"";;2;3;20.299;0.2;
517928;2023-01-24 01:23:47.000 +0100;;{20.299,0.2,100.0};2023-01-24 01:23:47.000 +0100;"";;"";;2;3;20.299;0.2;100.0
517938;2023-01-24 01:38:54.000 +0100;;{20.239,0.2,NULL};2023-01-24 01:38:54.000 +0100;"";;"";;2;3;20.239;0.2;
517947;2023-01-24 01:54:02.000 +0100;;{20.179,0.2,NULL};2023-01-24 01:54:02.000 +0100;"";;"";;2;3;20.179;0.2;
517956;2023-01-24 02:09:11.000 +0100;;{20.179,0.2,NULL};2023-01-24 02:09:11.000 +0100;"";;"";;2;3;20.179;0.2;
517965;2023-01-24 02:24:19.000 +0100;;{20.179,0.2,NULL};2023-01-24 02:24:19.000 +0100;"";;"";;2;3;20.179;0.2;
517975;2023-01-24 02:39:42.000 +0100;;{20.119,0.2,NULL};2023-01-24 02:39:42.000 +0100;"";;"";;2;3;20.119;0.2;
517984;2023-01-24 02:54:50.000 +0100;;{20.119,0.2,NULL};2023-01-24 02:54:50.000 +0100;"";;"";;2;3;20.119;0.2;
517993;2023-01-24 03:09:59.000 +0100;;{20.059,0.2,NULL};2023-01-24 03:09:59.000 +0100;"";;"";;2;3;20.059;0.2;
517994;2023-01-24 03:10:15.000 +0100;;{20.059,0.2,NULL};2023-01-24 03:10:15.000 +0100;"";;"";;2;3;20.059;0.2;
518003;2023-01-24 03:25:23.000 +0100;;{20.059,0.2,100.0};2023-01-24 03:25:23.000 +0100;"";;"";;2;3;20.059;0.2;100.0
518012;2023-01-24 03:40:43.000 +0100;;{20.059,0.15,NULL};2023-01-24 03:40:43.000 +0100;"";;"";;2;3;20.059;0.15;
518021;2023-01-24 03:56:03.000 +0100;;{20.059,0.2,NULL};2023-01-24 03:56:03.000 +0100;"";;"";;2;3;20.059;0.2;
518031;2023-01-24 04:11:10.000 +0100;;{20.0,0.2,NULL};2023-01-24 04:11:10.000 +0100;"";;"";;2;3;20.0;0.2;
518040;2023-01-24 04:26:18.000 +0100;;{19.94,0.2,NULL};2023-01-24 04:26:18.000 +0100;"";;"";;2;3;19.94;0.2;
518049;2023-01-24 04:41:42.000 +0100;;{19.94,0.2,NULL};2023-01-24 04:41:42.000 +0100;"";;"";;2;3;19.94;0.2;
518059;2023-01-24 04:56:50.000 +0100;;{19.94,0.2,NULL};2023-01-24 04:56:50.000 +0100;"";;"";;2;3;19.94;0.2;
518067;2023-01-24 05:11:58.000 +0100;;{19.94,0.2,100.0};2023-01-24 05:11:58.000 +0100;"";;"";;2;3;19.94;0.2;100.0
518077;2023-01-24 05:27:24.000 +0100;;{19.94,0.2,NULL};2023-01-24 05:27:24.000 +0100;"";;"";;2;3;19.94;0.2;
518086;2023-01-24 05:42:32.000 +0100;;{19.94,0.2,NULL};2023-01-24 05:42:32.000 +0100;"";;"";;2;3;19.94;0.2;
518095;2023-01-24 05:57:41.000 +0100;;{19.94,0.2,NULL};2023-01-24 05:57:41.000 +0100;"";;"";;2;3;19.94;0.2;
518104;2023-01-24 06:12:48.000 +0100;;{19.88,0.2,NULL};2023-01-24 06:12:48.000 +0100;"";;"";;2;3;19.88;0.2;
518113;2023-01-24 06:27:57.000 +0100;;{19.88,0.2,NULL};2023-01-24 06:27:57.000 +0100;"";;"";;2;3;19.88;0.2;
518122;2023-01-24 06:43:05.000 +0100;;{19.88,0.2,NULL};2023-01-24 06:43:05.000 +0100;"";;"";;2;3;19.88;0.2;
518132;2023-01-24 06:58:13.000 +0100;;{19.82,0.2,NULL};2023-01-24 06:58:13.000 +0100;"";;"";;2;3;19.82;0.2;
518141;2023-01-24 07:13:21.000 +0100;;{19.76,0.2,NULL};2023-01-24 07:13:21.000 +0100;"";;"";;2;3;19.76;0.2;
518151;2023-01-24 07:28:30.000 +0100;;{19.82,0.2,100.0};2023-01-24 07:28:30.000 +0100;"";;"";;2;3;19.82;0.2;100.0
518160;2023-01-24 07:43:38.000 +0100;;{19.76,0.2,NULL};2023-01-24 07:43:38.000 +0100;"";;"";;2;3;19.76;0.2;
518170;2023-01-24 07:58:48.000 +0100;;{19.76,0.2,NULL};2023-01-24 07:58:48.000 +0100;"";;"";;2;3;19.76;0.2;
518179;2023-01-24 08:13:54.000 +0100;;{19.221,0.2,NULL};2023-01-24 08:13:54.000 +0100;"";;"";;2;3;19.221;0.2;
518188;2023-01-24 08:29:02.000 +0100;;{19.041,0.2,NULL};2023-01-24 08:29:02.000 +0100;"";;"";;2;3;19.041;0.2;
518197;2023-01-24 08:44:11.000 +0100;;{19.041,0.2,NULL};2023-01-24 08:44:11.000 +0100;"";;"";;2;3;19.041;0.2;
518206;2023-01-24 08:59:20.000 +0100;;{19.101,0.2,NULL};2023-01-24 08:59:20.000 +0100;"";;"";;2;3;19.101;0.2;
518216;2023-01-24 09:15:06.000 +0100;;{18.622,0.2,NULL};2023-01-24 09:15:06.000 +0100;"";;"";;2;3;18.622;0.2;
518225;2023-01-24 09:30:11.000 +0100;;{18.622,0.15,100.0};2023-01-24 09:30:11.000 +0100;"";;"";;2;3;18.622;0.15;100.0
518234;2023-01-24 09:45:35.000 +0100;;{18.742,0.2,NULL};2023-01-24 09:45:35.000 +0100;"";;"";;2;3;18.742;0.2;
518235;2023-01-24 09:45:52.000 +0100;;{18.742,0.2,NULL};2023-01-24 09:45:52.000 +0100;"";;"";;2;3;18.742;0.2;
518244;2023-01-24 10:01:00.000 +0100;;{18.802,0.2,NULL};2023-01-24 10:01:00.000 +0100;"";;"";;2;3;18.802;0.2;
518245;2023-01-24 10:01:12.000 +0100;;{18.802,0.2,NULL};2023-01-24 10:01:12.000 +0100;"";;"";;2;3;18.802;0.2;
518254;2023-01-24 10:16:40.000 +0100;;{18.922,0.2,NULL};2023-01-24 10:16:40.000 +0100;"";;"";;2;3;18.922;0.2;
518263;2023-01-24 10:31:49.000 +0100;;{19.041,0.2,NULL};2023-01-24 10:31:49.000 +0100;"";;"";;2;3;19.041;0.2;
518272;2023-01-24 10:46:56.000 +0100;;{19.101,0.2,NULL};2023-01-24 10:46:56.000 +0100;"";;"";;2;3;19.101;0.2;
518281;2023-01-24 11:02:05.000 +0100;;{19.161,0.2,100.0};2023-01-24 11:02:05.000 +0100;"";;"";;2;3;19.161;0.2;100.0
518290;2023-01-24 11:17:13.000 +0100;;{19.221,0.2,NULL};2023-01-24 11:17:13.000 +0100;"";;"";;2;3;19.221;0.2;
518300;2023-01-24 11:32:21.000 +0100;;{19.341,0.2,NULL};2023-01-24 11:32:21.000 +0100;"";;"";;2;3;19.341;0.2;
518309;2023-01-24 11:47:29.000 +0100;;{19.341,0.2,NULL};2023-01-24 11:47:29.000 +0100;"";;"";;2;3;19.341;0.2;
518324;2023-01-24 12:02:54.000 +0100;;{19.401,0.2,NULL};2023-01-24 12:02:54.000 +0100;"";;"";;2;3;19.401;0.2;
518325;2023-01-24 12:03:05.000 +0100;;{19.401,0.2,NULL};2023-01-24 12:03:05.000 +0100;"";;"";;2;3;19.401;0.2;
518335;2023-01-24 12:18:14.000 +0100;;{19.461,0.2,NULL};2023-01-24 12:18:14.000 +0100;"";;"";;2;3;19.461;0.2;
518344;2023-01-24 12:33:22.000 +0100;;{19.52,0.2,NULL};2023-01-24 12:33:22.000 +0100;"";;"";;2;3;19.52;0.2;
518353;2023-01-24 12:48:30.000 +0100;;{19.58,0.2,NULL};2023-01-24 12:48:30.000 +0100;"";;"";;2;3;19.58;0.2;
518363;2023-01-24 13:03:39.000 +0100;;{19.58,0.2,100.0};2023-01-24 13:03:39.000 +0100;"";;"";;2;3;19.58;0.2;100.0
518373;2023-01-24 13:18:47.000 +0100;;{19.7,0.2,NULL};2023-01-24 13:18:47.000 +0100;"";;"";;2;3;19.7;0.2;
518382;2023-01-24 13:33:55.000 +0100;;{19.76,0.2,NULL};2023-01-24 13:33:55.000 +0100;"";;"";;2;3;19.76;0.2;
518392;2023-01-24 13:49:04.000 +0100;;{19.76,0.2,NULL};2023-01-24 13:49:04.000 +0100;"";;"";;2;3;19.76;0.2;
518393;2023-01-24 13:49:15.000 +0100;;{19.76,0.2,NULL};2023-01-24 13:49:15.000 +0100;"";;"";;2;3;19.76;0.2;
518403;2023-01-24 14:04:20.000 +0100;;{19.76,0.2,NULL};2023-01-24 14:04:20.000 +0100;"";;"";;2;3;19.76;0.2;
518414;2023-01-24 14:19:28.000 +0100;;{19.88,0.2,NULL};2023-01-24 14:19:28.000 +0100;"";;"";;2;3;19.88;0.2;
518423;2023-01-24 14:34:55.000 +0100;;{19.94,0.2,NULL};2023-01-24 14:34:55.000 +0100;"";;"";;2;3;19.94;0.2;
518433;2023-01-24 14:50:28.000 +0100;;{20.0,0.2,100.0};2023-01-24 14:50:28.000 +0100;"";;"";;2;3;20.0;0.2;100.0
518442;2023-01-24 15:05:35.000 +0100;;{20.119,0.2,NULL};2023-01-24 15:05:35.000 +0100;"";;"";;2;3;20.119;0.2;
518445;2023-01-24 15:05:51.000 +0100;;{20.119,0.2,NULL};2023-01-24 15:05:51.000 +0100;"";;"";;2;3;20.119;0.2;
518446;2023-01-24 15:06:03.000 +0100;;{20.119,0.2,NULL};2023-01-24 15:06:03.000 +0100;"";;"";;2;3;20.119;0.2;
518455;2023-01-24 15:21:14.000 +0100;;{20.239,0.2,NULL};2023-01-24 15:21:14.000 +0100;"";;"";;2;3;20.239;0.2;
518469;2023-01-24 15:51:30.000 +0100;;{20.179,0.2,NULL};2023-01-24 15:51:30.000 +0100;"";;"";;2;3;20.179;0.2;
518479;2023-01-24 16:06:41.000 +0100;;{20.239,0.2,NULL};2023-01-24 16:06:41.000 +0100;"";;"";;2;3;20.239;0.2;
518480;2023-01-24 16:07:00.000 +0100;;{20.239,0.2,NULL};2023-01-24 16:07:00.000 +0100;"";;"";;2;3;20.239;0.2;
518489;2023-01-24 16:22:08.000 +0100;;{20.299,0.2,NULL};2023-01-24 16:22:08.000 +0100;"";;"";;2;3;20.299;0.2;
518490;2023-01-24 16:22:37.000 +0100;;{20.299,0.2,NULL};2023-01-24 16:22:37.000 +0100;"";;"";;2;3;20.299;0.2;
518500;2023-01-24 16:37:47.000 +0100;;{20.359,0.2,NULL};2023-01-24 16:37:47.000 +0100;"";;"";;2;3;20.359;0.2;
518510;2023-01-24 16:52:54.000 +0100;;{20.359,0.2,NULL};2023-01-24 16:52:54.000 +0100;"";;"";;2;3;20.359;0.2;
518521;2023-01-24 17:08:31.000 +0100;;{19.401,0.2,NULL};2023-01-24 17:08:31.000 +0100;"";;"";;2;3;19.401;0.2;
518530;2023-01-24 17:23:37.000 +0100;;{20.119,0.2,NULL};2023-01-24 17:23:37.000 +0100;"";;"";;2;3;20.119;0.2;
518539;2023-01-24 17:38:46.000 +0100;;{20.119,0.2,NULL};2023-01-24 17:38:46.000 +0100;"";;"";;2;3;20.119;0.2;
518549;2023-01-24 17:53:54.000 +0100;;{20.119,0.2,NULL};2023-01-24 17:53:54.000 +0100;"";;"";;2;3;20.119;0.2;
518558;2023-01-24 18:09:02.000 +0100;;{20.119,0.2,100.0};2023-01-24 18:09:02.000 +0100;"";;"";;2;3;20.119;0.2;100.0
518567;2023-01-24 18:24:10.000 +0100;;{20.0,0.2,NULL};2023-01-24 18:24:10.000 +0100;"";;"";;2;3;20.0;0.2;
518576;2023-01-24 18:39:19.000 +0100;;{20.0,0.2,NULL};2023-01-24 18:39:19.000 +0100;"";;"";;2;3;20.0;0.2;
518586;2023-01-24 18:54:27.000 +0100;;{20.0,0.2,NULL};2023-01-24 18:54:27.000 +0100;"";;"";;2;3;20.0;0.2;
518595;2023-01-24 19:09:35.000 +0100;;{19.94,0.2,NULL};2023-01-24 19:09:35.000 +0100;"";;"";;2;3;19.94;0.2;
518605;2023-01-24 19:24:43.000 +0100;;{19.94,0.2,NULL};2023-01-24 19:24:43.000 +0100;"";;"";;2;3;19.94;0.2;
518614;2023-01-24 19:40:08.000 +0100;;{19.94,0.2,NULL};2023-01-24 19:40:08.000 +0100;"";;"";;2;3;19.94;0.2;
518623;2023-01-24 19:55:16.000 +0100;;{19.94,0.2,NULL};2023-01-24 19:55:16.000 +0100;"";;"";;2;3;19.94;0.2;
518633;2023-01-24 20:10:24.000 +0100;;{19.94,0.2,NULL};2023-01-24 20:10:24.000 +0100;"";;"";;2;3;19.94;0.2;
518642;2023-01-24 20:25:47.000 +0100;;{19.88,0.2,100.0};2023-01-24 20:25:47.000 +0100;"";;"";;2;3;19.88;0.2;100.0
